path,label
spectrograms/jackson_0.png,2
spectrograms/jackson_1.png,2
spectrograms/jackson_2.png,2
spectrograms/jackson_3.png,2
spectrograms/jackson_4.png,2
spectrograms/jackson_5.png,2
spectrograms/jackson_6.png,2
spectrograms/jackson_7.png,2
spectrograms/jackson_8.png,2
spectrograms/jackson_9.png,2
spectrograms/jackson_10.png,2
spectrograms/jackson_11.png,2
spectrograms/jackson_12.png,2
spectrograms/jackson_13.png,2
spectrograms/jackson_14.png,2
spectrograms/jackson_15.png,2
spectrograms/jackson_16.png,2
spectrograms/jackson_17.png,2
spectrograms/jackson_18.png,2
spectrograms/jackson_19.png,2
spectrograms/jackson_20.png,2
spectrograms/jackson_21.png,2
spectrograms/jackson_22.png,2
spectrograms/jackson_23.png,2
spectrograms/jackson_24.png,2
spectrograms/jackson_25.png,2
spectrograms/jackson_26.png,2
spectrograms/jackson_27.png,2
spectrograms/jackson_28.png,2
spectrograms/jackson_29.png,2
spectrograms/jackson_30.png,2
spectrograms/jackson_31.png,2
spectrograms/jackson_32.png,2
spectrograms/jackson_33.png,2
spectrograms/jackson_34.png,2
spectrograms/jackson_35.png,2
spectrograms/jackson_36.png,2
spectrograms/jackson_37.png,2
spectrograms/jackson_38.png,2
spectrograms/jackson_39.png,2
spectrograms/jackson_40.png,2
spectrograms/jackson_41.png,2
spectrograms/jackson_42.png,2
spectrograms/jackson_43.png,2
spectrograms/jackson_44.png,2
spectrograms/jackson_45.png,8
spectrograms/jackson_46.png,8
spectrograms/jackson_47.png,8
spectrograms/jackson_48.png,8
spectrograms/jackson_49.png,8
spectrograms/jackson_50.png,8
spectrograms/jackson_51.png,8
spectrograms/jackson_52.png,8
spectrograms/jackson_53.png,8
spectrograms/jackson_54.png,8
spectrograms/jackson_55.png,8
spectrograms/jackson_56.png,8
spectrograms/jackson_57.png,8
spectrograms/jackson_58.png,8
spectrograms/jackson_59.png,8
spectrograms/jackson_60.png,8
spectrograms/jackson_61.png,8
spectrograms/jackson_62.png,8
spectrograms/jackson_63.png,8
spectrograms/jackson_64.png,8
spectrograms/jackson_65.png,8
spectrograms/jackson_66.png,8
spectrograms/jackson_67.png,8
spectrograms/jackson_68.png,8
spectrograms/jackson_69.png,8
spectrograms/jackson_70.png,8
spectrograms/jackson_71.png,8
spectrograms/jackson_72.png,8
spectrograms/jackson_73.png,8
spectrograms/jackson_74.png,8
spectrograms/jackson_75.png,8
spectrograms/jackson_76.png,8
spectrograms/jackson_77.png,8
spectrograms/jackson_78.png,8
spectrograms/jackson_79.png,8
spectrograms/jackson_80.png,8
spectrograms/jackson_81.png,8
spectrograms/jackson_82.png,8
spectrograms/jackson_83.png,8
spectrograms/jackson_84.png,8
spectrograms/jackson_85.png,8
spectrograms/jackson_86.png,8
spectrograms/jackson_87.png,8
spectrograms/jackson_88.png,8
spectrograms/jackson_89.png,8
spectrograms/jackson_90.png,0
spectrograms/jackson_91.png,0
spectrograms/jackson_92.png,0
spectrograms/jackson_93.png,0
spectrograms/jackson_94.png,0
spectrograms/jackson_95.png,0
spectrograms/jackson_96.png,0
spectrograms/jackson_97.png,0
spectrograms/jackson_98.png,0
spectrograms/jackson_99.png,0
spectrograms/jackson_100.png,0
spectrograms/jackson_101.png,0
spectrograms/jackson_102.png,0
spectrograms/jackson_103.png,0
spectrograms/jackson_104.png,0
spectrograms/jackson_105.png,0
spectrograms/jackson_106.png,0
spectrograms/jackson_107.png,0
spectrograms/jackson_108.png,0
spectrograms/jackson_109.png,0
spectrograms/jackson_110.png,0
spectrograms/jackson_111.png,0
spectrograms/jackson_112.png,0
spectrograms/jackson_113.png,0
spectrograms/jackson_114.png,0
spectrograms/jackson_115.png,0
spectrograms/jackson_116.png,0
spectrograms/jackson_117.png,0
spectrograms/jackson_118.png,0
spectrograms/jackson_119.png,0
spectrograms/jackson_120.png,0
spectrograms/jackson_121.png,0
spectrograms/jackson_122.png,0
spectrograms/jackson_123.png,0
spectrograms/jackson_124.png,0
spectrograms/jackson_125.png,0
spectrograms/jackson_126.png,0
spectrograms/jackson_127.png,0
spectrograms/jackson_128.png,0
spectrograms/jackson_129.png,0
spectrograms/jackson_130.png,0
spectrograms/jackson_131.png,0
spectrograms/jackson_132.png,0
spectrograms/jackson_133.png,0
spectrograms/jackson_134.png,0
spectrograms/jackson_135.png,1
spectrograms/jackson_136.png,1
spectrograms/jackson_137.png,1
spectrograms/jackson_138.png,1
spectrograms/jackson_139.png,1
spectrograms/jackson_140.png,1
spectrograms/jackson_141.png,1
spectrograms/jackson_142.png,1
spectrograms/jackson_143.png,1
spectrograms/jackson_144.png,1
spectrograms/jackson_145.png,1
spectrograms/jackson_146.png,1
spectrograms/jackson_147.png,1
spectrograms/jackson_148.png,1
spectrograms/jackson_149.png,1
spectrograms/jackson_150.png,1
spectrograms/jackson_151.png,1
spectrograms/jackson_152.png,1
spectrograms/jackson_153.png,1
spectrograms/jackson_154.png,1
spectrograms/jackson_155.png,1
spectrograms/jackson_156.png,1
spectrograms/jackson_157.png,1
spectrograms/jackson_158.png,1
spectrograms/jackson_159.png,1
spectrograms/jackson_160.png,1
spectrograms/jackson_161.png,1
spectrograms/jackson_162.png,1
spectrograms/jackson_163.png,1
spectrograms/jackson_164.png,1
spectrograms/jackson_165.png,1
spectrograms/jackson_166.png,1
spectrograms/jackson_167.png,1
spectrograms/jackson_168.png,1
spectrograms/jackson_169.png,1
spectrograms/jackson_170.png,1
spectrograms/jackson_171.png,1
spectrograms/jackson_172.png,1
spectrograms/jackson_173.png,1
spectrograms/jackson_174.png,1
spectrograms/jackson_175.png,1
spectrograms/jackson_176.png,1
spectrograms/jackson_177.png,1
spectrograms/jackson_178.png,1
spectrograms/jackson_179.png,1
spectrograms/jackson_180.png,5
spectrograms/jackson_181.png,5
spectrograms/jackson_182.png,5
spectrograms/jackson_183.png,5
spectrograms/jackson_184.png,5
spectrograms/jackson_185.png,5
spectrograms/jackson_186.png,5
spectrograms/jackson_187.png,5
spectrograms/jackson_188.png,5
spectrograms/jackson_189.png,5
spectrograms/jackson_190.png,5
spectrograms/jackson_191.png,5
spectrograms/jackson_192.png,5
spectrograms/jackson_193.png,5
spectrograms/jackson_194.png,5
spectrograms/jackson_195.png,5
spectrograms/jackson_196.png,5
spectrograms/jackson_197.png,5
spectrograms/jackson_198.png,5
spectrograms/jackson_199.png,5
spectrograms/jackson_200.png,5
spectrograms/jackson_201.png,5
spectrograms/jackson_202.png,5
spectrograms/jackson_203.png,5
spectrograms/jackson_204.png,5
spectrograms/jackson_205.png,5
spectrograms/jackson_206.png,5
spectrograms/jackson_207.png,5
spectrograms/jackson_208.png,5
spectrograms/jackson_209.png,5
spectrograms/jackson_210.png,5
spectrograms/jackson_211.png,5
spectrograms/jackson_212.png,5
spectrograms/jackson_213.png,5
spectrograms/jackson_214.png,5
spectrograms/jackson_215.png,5
spectrograms/jackson_216.png,5
spectrograms/jackson_217.png,5
spectrograms/jackson_218.png,5
spectrograms/jackson_219.png,5
spectrograms/jackson_220.png,5
spectrograms/jackson_221.png,5
spectrograms/jackson_222.png,5
spectrograms/jackson_223.png,5
spectrograms/jackson_224.png,5
spectrograms/jackson_225.png,7
spectrograms/jackson_226.png,7
spectrograms/jackson_227.png,7
spectrograms/jackson_228.png,7
spectrograms/jackson_229.png,7
spectrograms/jackson_230.png,7
spectrograms/jackson_231.png,7
spectrograms/jackson_232.png,7
spectrograms/jackson_233.png,7
spectrograms/jackson_234.png,7
spectrograms/jackson_235.png,7
spectrograms/jackson_236.png,7
spectrograms/jackson_237.png,7
spectrograms/jackson_238.png,7
spectrograms/jackson_239.png,7
spectrograms/jackson_240.png,7
spectrograms/jackson_241.png,7
spectrograms/jackson_242.png,7
spectrograms/jackson_243.png,7
spectrograms/jackson_244.png,7
spectrograms/jackson_245.png,7
spectrograms/jackson_246.png,7
spectrograms/jackson_247.png,7
spectrograms/jackson_248.png,7
spectrograms/jackson_249.png,7
spectrograms/jackson_250.png,7
spectrograms/jackson_251.png,7
spectrograms/jackson_252.png,7
spectrograms/jackson_253.png,7
spectrograms/jackson_254.png,7
spectrograms/jackson_255.png,7
spectrograms/jackson_256.png,7
spectrograms/jackson_257.png,7
spectrograms/jackson_258.png,7
spectrograms/jackson_259.png,7
spectrograms/jackson_260.png,7
spectrograms/jackson_261.png,7
spectrograms/jackson_262.png,7
spectrograms/jackson_263.png,7
spectrograms/jackson_264.png,7
spectrograms/jackson_265.png,7
spectrograms/jackson_266.png,7
spectrograms/jackson_267.png,7
spectrograms/jackson_268.png,7
spectrograms/jackson_269.png,7
spectrograms/jackson_270.png,4
spectrograms/jackson_271.png,4
spectrograms/jackson_272.png,4
spectrograms/jackson_273.png,4
spectrograms/jackson_274.png,4
spectrograms/jackson_275.png,4
spectrograms/jackson_276.png,4
spectrograms/jackson_277.png,4
spectrograms/jackson_278.png,4
spectrograms/jackson_279.png,4
spectrograms/jackson_280.png,4
spectrograms/jackson_281.png,4
spectrograms/jackson_282.png,4
spectrograms/jackson_283.png,4
spectrograms/jackson_284.png,4
spectrograms/jackson_285.png,4
spectrograms/jackson_286.png,4
spectrograms/jackson_287.png,4
spectrograms/jackson_288.png,4
spectrograms/jackson_289.png,4
spectrograms/jackson_290.png,4
spectrograms/jackson_291.png,4
spectrograms/jackson_292.png,4
spectrograms/jackson_293.png,4
spectrograms/jackson_294.png,4
spectrograms/jackson_295.png,4
spectrograms/jackson_296.png,4
spectrograms/jackson_297.png,4
spectrograms/jackson_298.png,4
spectrograms/jackson_299.png,4
spectrograms/jackson_300.png,4
spectrograms/jackson_301.png,4
spectrograms/jackson_302.png,4
spectrograms/jackson_303.png,4
spectrograms/jackson_304.png,4
spectrograms/jackson_305.png,4
spectrograms/jackson_306.png,4
spectrograms/jackson_307.png,4
spectrograms/jackson_308.png,4
spectrograms/jackson_309.png,4
spectrograms/jackson_310.png,4
spectrograms/jackson_311.png,4
spectrograms/jackson_312.png,4
spectrograms/jackson_313.png,4
spectrograms/jackson_314.png,4
spectrograms/jackson_315.png,3
spectrograms/jackson_316.png,3
spectrograms/jackson_317.png,3
spectrograms/jackson_318.png,3
spectrograms/jackson_319.png,3
spectrograms/jackson_320.png,3
spectrograms/jackson_321.png,3
spectrograms/jackson_322.png,3
spectrograms/jackson_323.png,3
spectrograms/jackson_324.png,3
spectrograms/jackson_325.png,3
spectrograms/jackson_326.png,3
spectrograms/jackson_327.png,3
spectrograms/jackson_328.png,3
spectrograms/jackson_329.png,3
spectrograms/jackson_330.png,3
spectrograms/jackson_331.png,3
spectrograms/jackson_332.png,3
spectrograms/jackson_333.png,3
spectrograms/jackson_334.png,3
spectrograms/jackson_335.png,3
spectrograms/jackson_336.png,3
spectrograms/jackson_337.png,3
spectrograms/jackson_338.png,3
spectrograms/jackson_339.png,3
spectrograms/jackson_340.png,3
spectrograms/jackson_341.png,3
spectrograms/jackson_342.png,3
spectrograms/jackson_343.png,3
spectrograms/jackson_344.png,3
spectrograms/jackson_345.png,3
spectrograms/jackson_346.png,3
spectrograms/jackson_347.png,3
spectrograms/jackson_348.png,3
spectrograms/jackson_349.png,3
spectrograms/jackson_350.png,3
spectrograms/jackson_351.png,3
spectrograms/jackson_352.png,3
spectrograms/jackson_353.png,3
spectrograms/jackson_354.png,3
spectrograms/jackson_355.png,3
spectrograms/jackson_356.png,3
spectrograms/jackson_357.png,3
spectrograms/jackson_358.png,3
spectrograms/jackson_359.png,3
spectrograms/jackson_360.png,6
spectrograms/jackson_361.png,6
spectrograms/jackson_362.png,6
spectrograms/jackson_363.png,6
spectrograms/jackson_364.png,6
spectrograms/jackson_365.png,6
spectrograms/jackson_366.png,6
spectrograms/jackson_367.png,6
spectrograms/jackson_368.png,6
spectrograms/jackson_369.png,6
spectrograms/jackson_370.png,6
spectrograms/jackson_371.png,6
spectrograms/jackson_372.png,6
spectrograms/jackson_373.png,6
spectrograms/jackson_374.png,6
spectrograms/jackson_375.png,6
spectrograms/jackson_376.png,6
spectrograms/jackson_377.png,6
spectrograms/jackson_378.png,6
spectrograms/jackson_379.png,6
spectrograms/jackson_380.png,6
spectrograms/jackson_381.png,6
spectrograms/jackson_382.png,6
spectrograms/jackson_383.png,6
spectrograms/jackson_384.png,6
spectrograms/jackson_385.png,6
spectrograms/jackson_386.png,6
spectrograms/jackson_387.png,6
spectrograms/jackson_388.png,6
spectrograms/jackson_389.png,6
spectrograms/jackson_390.png,6
spectrograms/jackson_391.png,6
spectrograms/jackson_392.png,6
spectrograms/jackson_393.png,6
spectrograms/jackson_394.png,6
spectrograms/jackson_395.png,6
spectrograms/jackson_396.png,6
spectrograms/jackson_397.png,6
spectrograms/jackson_398.png,6
spectrograms/jackson_399.png,6
spectrograms/jackson_400.png,6
spectrograms/jackson_401.png,6
spectrograms/jackson_402.png,6
spectrograms/jackson_403.png,6
spectrograms/jackson_404.png,6
spectrograms/jackson_405.png,9
spectrograms/jackson_406.png,9
spectrograms/jackson_407.png,9
spectrograms/jackson_408.png,9
spectrograms/jackson_409.png,9
spectrograms/jackson_410.png,9
spectrograms/jackson_411.png,9
spectrograms/jackson_412.png,9
spectrograms/jackson_413.png,9
spectrograms/jackson_414.png,9
spectrograms/jackson_415.png,9
spectrograms/jackson_416.png,9
spectrograms/jackson_417.png,9
spectrograms/jackson_418.png,9
spectrograms/jackson_419.png,9
spectrograms/jackson_420.png,9
spectrograms/jackson_421.png,9
spectrograms/jackson_422.png,9
spectrograms/jackson_423.png,9
spectrograms/jackson_424.png,9
spectrograms/jackson_425.png,9
spectrograms/jackson_426.png,9
spectrograms/jackson_427.png,9
spectrograms/jackson_428.png,9
spectrograms/jackson_429.png,9
spectrograms/jackson_430.png,9
spectrograms/jackson_431.png,9
spectrograms/jackson_432.png,9
spectrograms/jackson_433.png,9
spectrograms/jackson_434.png,9
spectrograms/jackson_435.png,9
spectrograms/jackson_436.png,9
spectrograms/jackson_437.png,9
spectrograms/jackson_438.png,9
spectrograms/jackson_439.png,9
spectrograms/jackson_440.png,9
spectrograms/jackson_441.png,9
spectrograms/jackson_442.png,9
spectrograms/jackson_443.png,9
spectrograms/jackson_444.png,9
spectrograms/jackson_445.png,9
spectrograms/jackson_446.png,9
spectrograms/jackson_447.png,9
spectrograms/jackson_448.png,9
spectrograms/jackson_449.png,9
spectrograms/nicolas_0.png,3
spectrograms/nicolas_1.png,3
spectrograms/nicolas_2.png,3
spectrograms/nicolas_3.png,3
spectrograms/nicolas_4.png,3
spectrograms/nicolas_5.png,3
spectrograms/nicolas_6.png,3
spectrograms/nicolas_7.png,3
spectrograms/nicolas_8.png,3
spectrograms/nicolas_9.png,3
spectrograms/nicolas_10.png,3
spectrograms/nicolas_11.png,3
spectrograms/nicolas_12.png,3
spectrograms/nicolas_13.png,3
spectrograms/nicolas_14.png,3
spectrograms/nicolas_15.png,3
spectrograms/nicolas_16.png,3
spectrograms/nicolas_17.png,3
spectrograms/nicolas_18.png,3
spectrograms/nicolas_19.png,3
spectrograms/nicolas_20.png,3
spectrograms/nicolas_21.png,3
spectrograms/nicolas_22.png,3
spectrograms/nicolas_23.png,3
spectrograms/nicolas_24.png,3
spectrograms/nicolas_25.png,3
spectrograms/nicolas_26.png,3
spectrograms/nicolas_27.png,3
spectrograms/nicolas_28.png,3
spectrograms/nicolas_29.png,3
spectrograms/nicolas_30.png,3
spectrograms/nicolas_31.png,3
spectrograms/nicolas_32.png,3
spectrograms/nicolas_33.png,3
spectrograms/nicolas_34.png,3
spectrograms/nicolas_35.png,3
spectrograms/nicolas_36.png,3
spectrograms/nicolas_37.png,3
spectrograms/nicolas_38.png,3
spectrograms/nicolas_39.png,3
spectrograms/nicolas_40.png,3
spectrograms/nicolas_41.png,3
spectrograms/nicolas_42.png,3
spectrograms/nicolas_43.png,3
spectrograms/nicolas_44.png,3
spectrograms/nicolas_45.png,9
spectrograms/nicolas_46.png,9
spectrograms/nicolas_47.png,9
spectrograms/nicolas_48.png,9
spectrograms/nicolas_49.png,9
spectrograms/nicolas_50.png,9
spectrograms/nicolas_51.png,9
spectrograms/nicolas_52.png,9
spectrograms/nicolas_53.png,9
spectrograms/nicolas_54.png,9
spectrograms/nicolas_55.png,9
spectrograms/nicolas_56.png,9
spectrograms/nicolas_57.png,9
spectrograms/nicolas_58.png,9
spectrograms/nicolas_59.png,9
spectrograms/nicolas_60.png,9
spectrograms/nicolas_61.png,9
spectrograms/nicolas_62.png,9
spectrograms/nicolas_63.png,9
spectrograms/nicolas_64.png,9
spectrograms/nicolas_65.png,9
spectrograms/nicolas_66.png,9
spectrograms/nicolas_67.png,9
spectrograms/nicolas_68.png,9
spectrograms/nicolas_69.png,9
spectrograms/nicolas_70.png,9
spectrograms/nicolas_71.png,9
spectrograms/nicolas_72.png,9
spectrograms/nicolas_73.png,9
spectrograms/nicolas_74.png,9
spectrograms/nicolas_75.png,9
spectrograms/nicolas_76.png,9
spectrograms/nicolas_77.png,9
spectrograms/nicolas_78.png,9
spectrograms/nicolas_79.png,9
spectrograms/nicolas_80.png,9
spectrograms/nicolas_81.png,9
spectrograms/nicolas_82.png,9
spectrograms/nicolas_83.png,9
spectrograms/nicolas_84.png,9
spectrograms/nicolas_85.png,9
spectrograms/nicolas_86.png,9
spectrograms/nicolas_87.png,9
spectrograms/nicolas_88.png,9
spectrograms/nicolas_89.png,9
spectrograms/nicolas_90.png,2
spectrograms/nicolas_91.png,2
spectrograms/nicolas_92.png,2
spectrograms/nicolas_93.png,2
spectrograms/nicolas_94.png,2
spectrograms/nicolas_95.png,2
spectrograms/nicolas_96.png,2
spectrograms/nicolas_97.png,2
spectrograms/nicolas_98.png,2
spectrograms/nicolas_99.png,2
spectrograms/nicolas_100.png,2
spectrograms/nicolas_101.png,2
spectrograms/nicolas_102.png,2
spectrograms/nicolas_103.png,2
spectrograms/nicolas_104.png,2
spectrograms/nicolas_105.png,2
spectrograms/nicolas_106.png,2
spectrograms/nicolas_107.png,2
spectrograms/nicolas_108.png,2
spectrograms/nicolas_109.png,2
spectrograms/nicolas_110.png,2
spectrograms/nicolas_111.png,2
spectrograms/nicolas_112.png,2
spectrograms/nicolas_113.png,2
spectrograms/nicolas_114.png,2
spectrograms/nicolas_115.png,2
spectrograms/nicolas_116.png,2
spectrograms/nicolas_117.png,2
spectrograms/nicolas_118.png,2
spectrograms/nicolas_119.png,2
spectrograms/nicolas_120.png,2
spectrograms/nicolas_121.png,2
spectrograms/nicolas_122.png,2
spectrograms/nicolas_123.png,2
spectrograms/nicolas_124.png,2
spectrograms/nicolas_125.png,2
spectrograms/nicolas_126.png,2
spectrograms/nicolas_127.png,2
spectrograms/nicolas_128.png,2
spectrograms/nicolas_129.png,2
spectrograms/nicolas_130.png,2
spectrograms/nicolas_131.png,2
spectrograms/nicolas_132.png,2
spectrograms/nicolas_133.png,2
spectrograms/nicolas_134.png,2
spectrograms/nicolas_135.png,5
spectrograms/nicolas_136.png,5
spectrograms/nicolas_137.png,5
spectrograms/nicolas_138.png,5
spectrograms/nicolas_139.png,5
spectrograms/nicolas_140.png,5
spectrograms/nicolas_141.png,5
spectrograms/nicolas_142.png,5
spectrograms/nicolas_143.png,5
spectrograms/nicolas_144.png,5
spectrograms/nicolas_145.png,5
spectrograms/nicolas_146.png,5
spectrograms/nicolas_147.png,5
spectrograms/nicolas_148.png,5
spectrograms/nicolas_149.png,5
spectrograms/nicolas_150.png,5
spectrograms/nicolas_151.png,5
spectrograms/nicolas_152.png,5
spectrograms/nicolas_153.png,5
spectrograms/nicolas_154.png,5
spectrograms/nicolas_155.png,5
spectrograms/nicolas_156.png,5
spectrograms/nicolas_157.png,5
spectrograms/nicolas_158.png,5
spectrograms/nicolas_159.png,5
spectrograms/nicolas_160.png,5
spectrograms/nicolas_161.png,5
spectrograms/nicolas_162.png,5
spectrograms/nicolas_163.png,5
spectrograms/nicolas_164.png,5
spectrograms/nicolas_165.png,5
spectrograms/nicolas_166.png,5
spectrograms/nicolas_167.png,5
spectrograms/nicolas_168.png,5
spectrograms/nicolas_169.png,5
spectrograms/nicolas_170.png,5
spectrograms/nicolas_171.png,5
spectrograms/nicolas_172.png,5
spectrograms/nicolas_173.png,5
spectrograms/nicolas_174.png,5
spectrograms/nicolas_175.png,5
spectrograms/nicolas_176.png,5
spectrograms/nicolas_177.png,5
spectrograms/nicolas_178.png,5
spectrograms/nicolas_179.png,5
spectrograms/nicolas_180.png,7
spectrograms/nicolas_181.png,7
spectrograms/nicolas_182.png,7
spectrograms/nicolas_183.png,7
spectrograms/nicolas_184.png,7
spectrograms/nicolas_185.png,7
spectrograms/nicolas_186.png,7
spectrograms/nicolas_187.png,7
spectrograms/nicolas_188.png,7
spectrograms/nicolas_189.png,7
spectrograms/nicolas_190.png,7
spectrograms/nicolas_191.png,7
spectrograms/nicolas_192.png,7
spectrograms/nicolas_193.png,7
spectrograms/nicolas_194.png,7
spectrograms/nicolas_195.png,7
spectrograms/nicolas_196.png,7
spectrograms/nicolas_197.png,7
spectrograms/nicolas_198.png,7
spectrograms/nicolas_199.png,7
spectrograms/nicolas_200.png,7
spectrograms/nicolas_201.png,7
spectrograms/nicolas_202.png,7
spectrograms/nicolas_203.png,7
spectrograms/nicolas_204.png,7
spectrograms/nicolas_205.png,7
spectrograms/nicolas_206.png,7
spectrograms/nicolas_207.png,7
spectrograms/nicolas_208.png,7
spectrograms/nicolas_209.png,7
spectrograms/nicolas_210.png,7
spectrograms/nicolas_211.png,7
spectrograms/nicolas_212.png,7
spectrograms/nicolas_213.png,7
spectrograms/nicolas_214.png,7
spectrograms/nicolas_215.png,7
spectrograms/nicolas_216.png,7
spectrograms/nicolas_217.png,7
spectrograms/nicolas_218.png,7
spectrograms/nicolas_219.png,7
spectrograms/nicolas_220.png,7
spectrograms/nicolas_221.png,7
spectrograms/nicolas_222.png,7
spectrograms/nicolas_223.png,7
spectrograms/nicolas_224.png,7
spectrograms/nicolas_225.png,4
spectrograms/nicolas_226.png,4
spectrograms/nicolas_227.png,4
spectrograms/nicolas_228.png,4
spectrograms/nicolas_229.png,4
spectrograms/nicolas_230.png,4
spectrograms/nicolas_231.png,4
spectrograms/nicolas_232.png,4
spectrograms/nicolas_233.png,4
spectrograms/nicolas_234.png,4
spectrograms/nicolas_235.png,4
spectrograms/nicolas_236.png,4
spectrograms/nicolas_237.png,4
spectrograms/nicolas_238.png,4
spectrograms/nicolas_239.png,4
spectrograms/nicolas_240.png,4
spectrograms/nicolas_241.png,4
spectrograms/nicolas_242.png,4
spectrograms/nicolas_243.png,4
spectrograms/nicolas_244.png,4
spectrograms/nicolas_245.png,4
spectrograms/nicolas_246.png,4
spectrograms/nicolas_247.png,4
spectrograms/nicolas_248.png,4
spectrograms/nicolas_249.png,4
spectrograms/nicolas_250.png,4
spectrograms/nicolas_251.png,4
spectrograms/nicolas_252.png,4
spectrograms/nicolas_253.png,4
spectrograms/nicolas_254.png,4
spectrograms/nicolas_255.png,4
spectrograms/nicolas_256.png,4
spectrograms/nicolas_257.png,4
spectrograms/nicolas_258.png,4
spectrograms/nicolas_259.png,4
spectrograms/nicolas_260.png,4
spectrograms/nicolas_261.png,4
spectrograms/nicolas_262.png,4
spectrograms/nicolas_263.png,4
spectrograms/nicolas_264.png,4
spectrograms/nicolas_265.png,4
spectrograms/nicolas_266.png,4
spectrograms/nicolas_267.png,4
spectrograms/nicolas_268.png,4
spectrograms/nicolas_269.png,4
spectrograms/nicolas_270.png,0
spectrograms/nicolas_271.png,0
spectrograms/nicolas_272.png,0
spectrograms/nicolas_273.png,0
spectrograms/nicolas_274.png,0
spectrograms/nicolas_275.png,0
spectrograms/nicolas_276.png,0
spectrograms/nicolas_277.png,0
spectrograms/nicolas_278.png,0
spectrograms/nicolas_279.png,0
spectrograms/nicolas_280.png,0
spectrograms/nicolas_281.png,0
spectrograms/nicolas_282.png,0
spectrograms/nicolas_283.png,0
spectrograms/nicolas_284.png,0
spectrograms/nicolas_285.png,0
spectrograms/nicolas_286.png,0
spectrograms/nicolas_287.png,0
spectrograms/nicolas_288.png,0
spectrograms/nicolas_289.png,0
spectrograms/nicolas_290.png,0
spectrograms/nicolas_291.png,0
spectrograms/nicolas_292.png,0
spectrograms/nicolas_293.png,0
spectrograms/nicolas_294.png,0
spectrograms/nicolas_295.png,0
spectrograms/nicolas_296.png,0
spectrograms/nicolas_297.png,0
spectrograms/nicolas_298.png,0
spectrograms/nicolas_299.png,0
spectrograms/nicolas_300.png,0
spectrograms/nicolas_301.png,0
spectrograms/nicolas_302.png,0
spectrograms/nicolas_303.png,0
spectrograms/nicolas_304.png,0
spectrograms/nicolas_305.png,0
spectrograms/nicolas_306.png,0
spectrograms/nicolas_307.png,0
spectrograms/nicolas_308.png,0
spectrograms/nicolas_309.png,0
spectrograms/nicolas_310.png,0
spectrograms/nicolas_311.png,0
spectrograms/nicolas_312.png,0
spectrograms/nicolas_313.png,0
spectrograms/nicolas_314.png,0
spectrograms/nicolas_315.png,1
spectrograms/nicolas_316.png,1
spectrograms/nicolas_317.png,1
spectrograms/nicolas_318.png,1
spectrograms/nicolas_319.png,1
spectrograms/nicolas_320.png,1
spectrograms/nicolas_321.png,1
spectrograms/nicolas_322.png,1
spectrograms/nicolas_323.png,1
spectrograms/nicolas_324.png,1
spectrograms/nicolas_325.png,1
spectrograms/nicolas_326.png,1
spectrograms/nicolas_327.png,1
spectrograms/nicolas_328.png,1
spectrograms/nicolas_329.png,1
spectrograms/nicolas_330.png,1
spectrograms/nicolas_331.png,1
spectrograms/nicolas_332.png,1
spectrograms/nicolas_333.png,1
spectrograms/nicolas_334.png,1
spectrograms/nicolas_335.png,1
spectrograms/nicolas_336.png,1
spectrograms/nicolas_337.png,1
spectrograms/nicolas_338.png,1
spectrograms/nicolas_339.png,1
spectrograms/nicolas_340.png,1
spectrograms/nicolas_341.png,1
spectrograms/nicolas_342.png,1
spectrograms/nicolas_343.png,1
spectrograms/nicolas_344.png,1
spectrograms/nicolas_345.png,1
spectrograms/nicolas_346.png,1
spectrograms/nicolas_347.png,1
spectrograms/nicolas_348.png,1
spectrograms/nicolas_349.png,1
spectrograms/nicolas_350.png,1
spectrograms/nicolas_351.png,1
spectrograms/nicolas_352.png,1
spectrograms/nicolas_353.png,1
spectrograms/nicolas_354.png,1
spectrograms/nicolas_355.png,1
spectrograms/nicolas_356.png,1
spectrograms/nicolas_357.png,1
spectrograms/nicolas_358.png,1
spectrograms/nicolas_359.png,1
spectrograms/nicolas_360.png,6
spectrograms/nicolas_361.png,6
spectrograms/nicolas_362.png,6
spectrograms/nicolas_363.png,6
spectrograms/nicolas_364.png,6
spectrograms/nicolas_365.png,6
spectrograms/nicolas_366.png,6
spectrograms/nicolas_367.png,6
spectrograms/nicolas_368.png,6
spectrograms/nicolas_369.png,6
spectrograms/nicolas_370.png,6
spectrograms/nicolas_371.png,6
spectrograms/nicolas_372.png,6
spectrograms/nicolas_373.png,6
spectrograms/nicolas_374.png,6
spectrograms/nicolas_375.png,6
spectrograms/nicolas_376.png,6
spectrograms/nicolas_377.png,6
spectrograms/nicolas_378.png,6
spectrograms/nicolas_379.png,6
spectrograms/nicolas_380.png,6
spectrograms/nicolas_381.png,6
spectrograms/nicolas_382.png,6
spectrograms/nicolas_383.png,6
spectrograms/nicolas_384.png,6
spectrograms/nicolas_385.png,6
spectrograms/nicolas_386.png,6
spectrograms/nicolas_387.png,6
spectrograms/nicolas_388.png,6
spectrograms/nicolas_389.png,6
spectrograms/nicolas_390.png,6
spectrograms/nicolas_391.png,6
spectrograms/nicolas_392.png,6
spectrograms/nicolas_393.png,6
spectrograms/nicolas_394.png,6
spectrograms/nicolas_395.png,6
spectrograms/nicolas_396.png,6
spectrograms/nicolas_397.png,6
spectrograms/nicolas_398.png,6
spectrograms/nicolas_399.png,6
spectrograms/nicolas_400.png,6
spectrograms/nicolas_401.png,6
spectrograms/nicolas_402.png,6
spectrograms/nicolas_403.png,6
spectrograms/nicolas_404.png,6
spectrograms/nicolas_405.png,8
spectrograms/nicolas_406.png,8
spectrograms/nicolas_407.png,8
spectrograms/nicolas_408.png,8
spectrograms/nicolas_409.png,8
spectrograms/nicolas_410.png,8
spectrograms/nicolas_411.png,8
spectrograms/nicolas_412.png,8
spectrograms/nicolas_413.png,8
spectrograms/nicolas_414.png,8
spectrograms/nicolas_415.png,8
spectrograms/nicolas_416.png,8
spectrograms/nicolas_417.png,8
spectrograms/nicolas_418.png,8
spectrograms/nicolas_419.png,8
spectrograms/nicolas_420.png,8
spectrograms/nicolas_421.png,8
spectrograms/nicolas_422.png,8
spectrograms/nicolas_423.png,8
spectrograms/nicolas_424.png,8
spectrograms/nicolas_425.png,8
spectrograms/nicolas_426.png,8
spectrograms/nicolas_427.png,8
spectrograms/nicolas_428.png,8
spectrograms/nicolas_429.png,8
spectrograms/nicolas_430.png,8
spectrograms/nicolas_431.png,8
spectrograms/nicolas_432.png,8
spectrograms/nicolas_433.png,8
spectrograms/nicolas_434.png,8
spectrograms/nicolas_435.png,8
spectrograms/nicolas_436.png,8
spectrograms/nicolas_437.png,8
spectrograms/nicolas_438.png,8
spectrograms/nicolas_439.png,8
spectrograms/nicolas_440.png,8
spectrograms/nicolas_441.png,8
spectrograms/nicolas_442.png,8
spectrograms/nicolas_443.png,8
spectrograms/nicolas_444.png,8
spectrograms/nicolas_445.png,8
spectrograms/nicolas_446.png,8
spectrograms/nicolas_447.png,8
spectrograms/nicolas_448.png,8
spectrograms/nicolas_449.png,8
spectrograms/theo_0.png,5
spectrograms/theo_1.png,5
spectrograms/theo_2.png,5
spectrograms/theo_3.png,5
spectrograms/theo_4.png,5
spectrograms/theo_5.png,5
spectrograms/theo_6.png,5
spectrograms/theo_7.png,5
spectrograms/theo_8.png,5
spectrograms/theo_9.png,5
spectrograms/theo_10.png,5
spectrograms/theo_11.png,5
spectrograms/theo_12.png,5
spectrograms/theo_13.png,5
spectrograms/theo_14.png,5
spectrograms/theo_15.png,5
spectrograms/theo_16.png,5
spectrograms/theo_17.png,5
spectrograms/theo_18.png,5
spectrograms/theo_19.png,5
spectrograms/theo_20.png,5
spectrograms/theo_21.png,5
spectrograms/theo_22.png,5
spectrograms/theo_23.png,5
spectrograms/theo_24.png,5
spectrograms/theo_25.png,5
spectrograms/theo_26.png,5
spectrograms/theo_27.png,5
spectrograms/theo_28.png,5
spectrograms/theo_29.png,5
spectrograms/theo_30.png,5
spectrograms/theo_31.png,5
spectrograms/theo_32.png,5
spectrograms/theo_33.png,5
spectrograms/theo_34.png,5
spectrograms/theo_35.png,5
spectrograms/theo_36.png,5
spectrograms/theo_37.png,5
spectrograms/theo_38.png,5
spectrograms/theo_39.png,5
spectrograms/theo_40.png,5
spectrograms/theo_41.png,5
spectrograms/theo_42.png,5
spectrograms/theo_43.png,5
spectrograms/theo_44.png,5
spectrograms/theo_45.png,9
spectrograms/theo_46.png,9
spectrograms/theo_47.png,9
spectrograms/theo_48.png,9
spectrograms/theo_49.png,9
spectrograms/theo_50.png,9
spectrograms/theo_51.png,9
spectrograms/theo_52.png,9
spectrograms/theo_53.png,9
spectrograms/theo_54.png,9
spectrograms/theo_55.png,9
spectrograms/theo_56.png,9
spectrograms/theo_57.png,9
spectrograms/theo_58.png,9
spectrograms/theo_59.png,9
spectrograms/theo_60.png,9
spectrograms/theo_61.png,9
spectrograms/theo_62.png,9
spectrograms/theo_63.png,9
spectrograms/theo_64.png,9
spectrograms/theo_65.png,9
spectrograms/theo_66.png,9
spectrograms/theo_67.png,9
spectrograms/theo_68.png,9
spectrograms/theo_69.png,9
spectrograms/theo_70.png,9
spectrograms/theo_71.png,9
spectrograms/theo_72.png,9
spectrograms/theo_73.png,9
spectrograms/theo_74.png,9
spectrograms/theo_75.png,9
spectrograms/theo_76.png,9
spectrograms/theo_77.png,9
spectrograms/theo_78.png,9
spectrograms/theo_79.png,9
spectrograms/theo_80.png,9
spectrograms/theo_81.png,9
spectrograms/theo_82.png,9
spectrograms/theo_83.png,9
spectrograms/theo_84.png,9
spectrograms/theo_85.png,9
spectrograms/theo_86.png,9
spectrograms/theo_87.png,9
spectrograms/theo_88.png,9
spectrograms/theo_89.png,9
spectrograms/theo_90.png,1
spectrograms/theo_91.png,1
spectrograms/theo_92.png,1
spectrograms/theo_93.png,1
spectrograms/theo_94.png,1
spectrograms/theo_95.png,1
spectrograms/theo_96.png,1
spectrograms/theo_97.png,1
spectrograms/theo_98.png,1
spectrograms/theo_99.png,1
spectrograms/theo_100.png,1
spectrograms/theo_101.png,1
spectrograms/theo_102.png,1
spectrograms/theo_103.png,1
spectrograms/theo_104.png,1
spectrograms/theo_105.png,1
spectrograms/theo_106.png,1
spectrograms/theo_107.png,1
spectrograms/theo_108.png,1
spectrograms/theo_109.png,1
spectrograms/theo_110.png,1
spectrograms/theo_111.png,1
spectrograms/theo_112.png,1
spectrograms/theo_113.png,1
spectrograms/theo_114.png,1
spectrograms/theo_115.png,1
spectrograms/theo_116.png,1
spectrograms/theo_117.png,1
spectrograms/theo_118.png,1
spectrograms/theo_119.png,1
spectrograms/theo_120.png,1
spectrograms/theo_121.png,1
spectrograms/theo_122.png,1
spectrograms/theo_123.png,1
spectrograms/theo_124.png,1
spectrograms/theo_125.png,1
spectrograms/theo_126.png,1
spectrograms/theo_127.png,1
spectrograms/theo_128.png,1
spectrograms/theo_129.png,1
spectrograms/theo_130.png,1
spectrograms/theo_131.png,1
spectrograms/theo_132.png,1
spectrograms/theo_133.png,1
spectrograms/theo_134.png,1
spectrograms/theo_135.png,6
spectrograms/theo_136.png,6
spectrograms/theo_137.png,6
spectrograms/theo_138.png,6
spectrograms/theo_139.png,6
spectrograms/theo_140.png,6
spectrograms/theo_141.png,6
spectrograms/theo_142.png,6
spectrograms/theo_143.png,6
spectrograms/theo_144.png,6
spectrograms/theo_145.png,6
spectrograms/theo_146.png,6
spectrograms/theo_147.png,6
spectrograms/theo_148.png,6
spectrograms/theo_149.png,6
spectrograms/theo_150.png,6
spectrograms/theo_151.png,6
spectrograms/theo_152.png,6
spectrograms/theo_153.png,6
spectrograms/theo_154.png,6
spectrograms/theo_155.png,6
spectrograms/theo_156.png,6
spectrograms/theo_157.png,6
spectrograms/theo_158.png,6
spectrograms/theo_159.png,6
spectrograms/theo_160.png,6
spectrograms/theo_161.png,6
spectrograms/theo_162.png,6
spectrograms/theo_163.png,6
spectrograms/theo_164.png,6
spectrograms/theo_165.png,6
spectrograms/theo_166.png,6
spectrograms/theo_167.png,6
spectrograms/theo_168.png,6
spectrograms/theo_169.png,6
spectrograms/theo_170.png,6
spectrograms/theo_171.png,6
spectrograms/theo_172.png,6
spectrograms/theo_173.png,6
spectrograms/theo_174.png,6
spectrograms/theo_175.png,6
spectrograms/theo_176.png,6
spectrograms/theo_177.png,6
spectrograms/theo_178.png,6
spectrograms/theo_179.png,6
spectrograms/theo_180.png,0
spectrograms/theo_181.png,0
spectrograms/theo_182.png,0
spectrograms/theo_183.png,0
spectrograms/theo_184.png,0
spectrograms/theo_185.png,0
spectrograms/theo_186.png,0
spectrograms/theo_187.png,0
spectrograms/theo_188.png,0
spectrograms/theo_189.png,0
spectrograms/theo_190.png,0
spectrograms/theo_191.png,0
spectrograms/theo_192.png,0
spectrograms/theo_193.png,0
spectrograms/theo_194.png,0
spectrograms/theo_195.png,0
spectrograms/theo_196.png,0
spectrograms/theo_197.png,0
spectrograms/theo_198.png,0
spectrograms/theo_199.png,0
spectrograms/theo_200.png,0
spectrograms/theo_201.png,0
spectrograms/theo_202.png,0
spectrograms/theo_203.png,0
spectrograms/theo_204.png,0
spectrograms/theo_205.png,0
spectrograms/theo_206.png,0
spectrograms/theo_207.png,0
spectrograms/theo_208.png,0
spectrograms/theo_209.png,0
spectrograms/theo_210.png,0
spectrograms/theo_211.png,0
spectrograms/theo_212.png,0
spectrograms/theo_213.png,0
spectrograms/theo_214.png,0
spectrograms/theo_215.png,0
spectrograms/theo_216.png,0
spectrograms/theo_217.png,0
spectrograms/theo_218.png,0
spectrograms/theo_219.png,0
spectrograms/theo_220.png,0
spectrograms/theo_221.png,0
spectrograms/theo_222.png,0
spectrograms/theo_223.png,0
spectrograms/theo_224.png,0
spectrograms/theo_225.png,4
spectrograms/theo_226.png,4
spectrograms/theo_227.png,4
spectrograms/theo_228.png,4
spectrograms/theo_229.png,4
spectrograms/theo_230.png,4
spectrograms/theo_231.png,4
spectrograms/theo_232.png,4
spectrograms/theo_233.png,4
spectrograms/theo_234.png,4
spectrograms/theo_235.png,4
spectrograms/theo_236.png,4
spectrograms/theo_237.png,4
spectrograms/theo_238.png,4
spectrograms/theo_239.png,4
spectrograms/theo_240.png,4
spectrograms/theo_241.png,4
spectrograms/theo_242.png,4
spectrograms/theo_243.png,4
spectrograms/theo_244.png,4
spectrograms/theo_245.png,4
spectrograms/theo_246.png,4
spectrograms/theo_247.png,4
spectrograms/theo_248.png,4
spectrograms/theo_249.png,4
spectrograms/theo_250.png,4
spectrograms/theo_251.png,4
spectrograms/theo_252.png,4
spectrograms/theo_253.png,4
spectrograms/theo_254.png,4
spectrograms/theo_255.png,4
spectrograms/theo_256.png,4
spectrograms/theo_257.png,4
spectrograms/theo_258.png,4
spectrograms/theo_259.png,4
spectrograms/theo_260.png,4
spectrograms/theo_261.png,4
spectrograms/theo_262.png,4
spectrograms/theo_263.png,4
spectrograms/theo_264.png,4
spectrograms/theo_265.png,4
spectrograms/theo_266.png,4
spectrograms/theo_267.png,4
spectrograms/theo_268.png,4
spectrograms/theo_269.png,4
spectrograms/theo_270.png,7
spectrograms/theo_271.png,7
spectrograms/theo_272.png,7
spectrograms/theo_273.png,7
spectrograms/theo_274.png,7
spectrograms/theo_275.png,7
spectrograms/theo_276.png,7
spectrograms/theo_277.png,7
spectrograms/theo_278.png,7
spectrograms/theo_279.png,7
spectrograms/theo_280.png,7
spectrograms/theo_281.png,7
spectrograms/theo_282.png,7
spectrograms/theo_283.png,7
spectrograms/theo_284.png,7
spectrograms/theo_285.png,7
spectrograms/theo_286.png,7
spectrograms/theo_287.png,7
spectrograms/theo_288.png,7
spectrograms/theo_289.png,7
spectrograms/theo_290.png,7
spectrograms/theo_291.png,7
spectrograms/theo_292.png,7
spectrograms/theo_293.png,7
spectrograms/theo_294.png,7
spectrograms/theo_295.png,7
spectrograms/theo_296.png,7
spectrograms/theo_297.png,7
spectrograms/theo_298.png,7
spectrograms/theo_299.png,7
spectrograms/theo_300.png,7
spectrograms/theo_301.png,7
spectrograms/theo_302.png,7
spectrograms/theo_303.png,7
spectrograms/theo_304.png,7
spectrograms/theo_305.png,7
spectrograms/theo_306.png,7
spectrograms/theo_307.png,7
spectrograms/theo_308.png,7
spectrograms/theo_309.png,7
spectrograms/theo_310.png,7
spectrograms/theo_311.png,7
spectrograms/theo_312.png,7
spectrograms/theo_313.png,7
spectrograms/theo_314.png,7
spectrograms/theo_315.png,2
spectrograms/theo_316.png,2
spectrograms/theo_317.png,2
spectrograms/theo_318.png,2
spectrograms/theo_319.png,2
spectrograms/theo_320.png,2
spectrograms/theo_321.png,2
spectrograms/theo_322.png,2
spectrograms/theo_323.png,2
spectrograms/theo_324.png,2
spectrograms/theo_325.png,2
spectrograms/theo_326.png,2
spectrograms/theo_327.png,2
spectrograms/theo_328.png,2
spectrograms/theo_329.png,2
spectrograms/theo_330.png,2
spectrograms/theo_331.png,2
spectrograms/theo_332.png,2
spectrograms/theo_333.png,2
spectrograms/theo_334.png,2
spectrograms/theo_335.png,2
spectrograms/theo_336.png,2
spectrograms/theo_337.png,2
spectrograms/theo_338.png,2
spectrograms/theo_339.png,2
spectrograms/theo_340.png,2
spectrograms/theo_341.png,2
spectrograms/theo_342.png,2
spectrograms/theo_343.png,2
spectrograms/theo_344.png,2
spectrograms/theo_345.png,2
spectrograms/theo_346.png,2
spectrograms/theo_347.png,2
spectrograms/theo_348.png,2
spectrograms/theo_349.png,2
spectrograms/theo_350.png,2
spectrograms/theo_351.png,2
spectrograms/theo_352.png,2
spectrograms/theo_353.png,2
spectrograms/theo_354.png,2
spectrograms/theo_355.png,2
spectrograms/theo_356.png,2
spectrograms/theo_357.png,2
spectrograms/theo_358.png,2
spectrograms/theo_359.png,2
spectrograms/theo_360.png,8
spectrograms/theo_361.png,8
spectrograms/theo_362.png,8
spectrograms/theo_363.png,8
spectrograms/theo_364.png,8
spectrograms/theo_365.png,8
spectrograms/theo_366.png,8
spectrograms/theo_367.png,8
spectrograms/theo_368.png,8
spectrograms/theo_369.png,8
spectrograms/theo_370.png,8
spectrograms/theo_371.png,8
spectrograms/theo_372.png,8
spectrograms/theo_373.png,8
spectrograms/theo_374.png,8
spectrograms/theo_375.png,8
spectrograms/theo_376.png,8
spectrograms/theo_377.png,8
spectrograms/theo_378.png,8
spectrograms/theo_379.png,8
spectrograms/theo_380.png,8
spectrograms/theo_381.png,8
spectrograms/theo_382.png,8
spectrograms/theo_383.png,8
spectrograms/theo_384.png,8
spectrograms/theo_385.png,8
spectrograms/theo_386.png,8
spectrograms/theo_387.png,8
spectrograms/theo_388.png,8
spectrograms/theo_389.png,8
spectrograms/theo_390.png,8
spectrograms/theo_391.png,8
spectrograms/theo_392.png,8
spectrograms/theo_393.png,8
spectrograms/theo_394.png,8
spectrograms/theo_395.png,8
spectrograms/theo_396.png,8
spectrograms/theo_397.png,8
spectrograms/theo_398.png,8
spectrograms/theo_399.png,8
spectrograms/theo_400.png,8
spectrograms/theo_401.png,8
spectrograms/theo_402.png,8
spectrograms/theo_403.png,8
spectrograms/theo_404.png,8
spectrograms/theo_405.png,3
spectrograms/theo_406.png,3
spectrograms/theo_407.png,3
spectrograms/theo_408.png,3
spectrograms/theo_409.png,3
spectrograms/theo_410.png,3
spectrograms/theo_411.png,3
spectrograms/theo_412.png,3
spectrograms/theo_413.png,3
spectrograms/theo_414.png,3
spectrograms/theo_415.png,3
spectrograms/theo_416.png,3
spectrograms/theo_417.png,3
spectrograms/theo_418.png,3
spectrograms/theo_419.png,3
spectrograms/theo_420.png,3
spectrograms/theo_421.png,3
spectrograms/theo_422.png,3
spectrograms/theo_423.png,3
spectrograms/theo_424.png,3
spectrograms/theo_425.png,3
spectrograms/theo_426.png,3
spectrograms/theo_427.png,3
spectrograms/theo_428.png,3
spectrograms/theo_429.png,3
spectrograms/theo_430.png,3
spectrograms/theo_431.png,3
spectrograms/theo_432.png,3
spectrograms/theo_433.png,3
spectrograms/theo_434.png,3
spectrograms/theo_435.png,3
spectrograms/theo_436.png,3
spectrograms/theo_437.png,3
spectrograms/theo_438.png,3
spectrograms/theo_439.png,3
spectrograms/theo_440.png,3
spectrograms/theo_441.png,3
spectrograms/theo_442.png,3
spectrograms/theo_443.png,3
spectrograms/theo_444.png,3
spectrograms/theo_445.png,3
spectrograms/theo_446.png,3
spectrograms/theo_447.png,3
spectrograms/theo_448.png,3
spectrograms/theo_449.png,3
spectrograms/yweweler_0.png,9
spectrograms/yweweler_1.png,9
spectrograms/yweweler_2.png,9
spectrograms/yweweler_3.png,9
spectrograms/yweweler_4.png,9
spectrograms/yweweler_5.png,9
spectrograms/yweweler_6.png,9
spectrograms/yweweler_7.png,9
spectrograms/yweweler_8.png,9
spectrograms/yweweler_9.png,9
spectrograms/yweweler_10.png,9
spectrograms/yweweler_11.png,9
spectrograms/yweweler_12.png,9
spectrograms/yweweler_13.png,9
spectrograms/yweweler_14.png,9
spectrograms/yweweler_15.png,9
spectrograms/yweweler_16.png,9
spectrograms/yweweler_17.png,9
spectrograms/yweweler_18.png,9
spectrograms/yweweler_19.png,9
spectrograms/yweweler_20.png,9
spectrograms/yweweler_21.png,9
spectrograms/yweweler_22.png,9
spectrograms/yweweler_23.png,9
spectrograms/yweweler_24.png,9
spectrograms/yweweler_25.png,9
spectrograms/yweweler_26.png,9
spectrograms/yweweler_27.png,9
spectrograms/yweweler_28.png,9
spectrograms/yweweler_29.png,9
spectrograms/yweweler_30.png,9
spectrograms/yweweler_31.png,9
spectrograms/yweweler_32.png,9
spectrograms/yweweler_33.png,9
spectrograms/yweweler_34.png,9
spectrograms/yweweler_35.png,9
spectrograms/yweweler_36.png,9
spectrograms/yweweler_37.png,9
spectrograms/yweweler_38.png,9
spectrograms/yweweler_39.png,9
spectrograms/yweweler_40.png,9
spectrograms/yweweler_41.png,9
spectrograms/yweweler_42.png,9
spectrograms/yweweler_43.png,9
spectrograms/yweweler_44.png,9
spectrograms/yweweler_45.png,1
spectrograms/yweweler_46.png,1
spectrograms/yweweler_47.png,1
spectrograms/yweweler_48.png,1
spectrograms/yweweler_49.png,1
spectrograms/yweweler_50.png,1
spectrograms/yweweler_51.png,1
spectrograms/yweweler_52.png,1
spectrograms/yweweler_53.png,1
spectrograms/yweweler_54.png,1
spectrograms/yweweler_55.png,1
spectrograms/yweweler_56.png,1
spectrograms/yweweler_57.png,1
spectrograms/yweweler_58.png,1
spectrograms/yweweler_59.png,1
spectrograms/yweweler_60.png,1
spectrograms/yweweler_61.png,1
spectrograms/yweweler_62.png,1
spectrograms/yweweler_63.png,1
spectrograms/yweweler_64.png,1
spectrograms/yweweler_65.png,1
spectrograms/yweweler_66.png,1
spectrograms/yweweler_67.png,1
spectrograms/yweweler_68.png,1
spectrograms/yweweler_69.png,1
spectrograms/yweweler_70.png,1
spectrograms/yweweler_71.png,1
spectrograms/yweweler_72.png,1
spectrograms/yweweler_73.png,1
spectrograms/yweweler_74.png,1
spectrograms/yweweler_75.png,1
spectrograms/yweweler_76.png,1
spectrograms/yweweler_77.png,1
spectrograms/yweweler_78.png,1
spectrograms/yweweler_79.png,1
spectrograms/yweweler_80.png,1
spectrograms/yweweler_81.png,1
spectrograms/yweweler_82.png,1
spectrograms/yweweler_83.png,1
spectrograms/yweweler_84.png,1
spectrograms/yweweler_85.png,1
spectrograms/yweweler_86.png,1
spectrograms/yweweler_87.png,1
spectrograms/yweweler_88.png,1
spectrograms/yweweler_89.png,1
spectrograms/yweweler_90.png,3
spectrograms/yweweler_91.png,3
spectrograms/yweweler_92.png,3
spectrograms/yweweler_93.png,3
spectrograms/yweweler_94.png,3
spectrograms/yweweler_95.png,3
spectrograms/yweweler_96.png,3
spectrograms/yweweler_97.png,3
spectrograms/yweweler_98.png,3
spectrograms/yweweler_99.png,3
spectrograms/yweweler_100.png,3
spectrograms/yweweler_101.png,3
spectrograms/yweweler_102.png,3
spectrograms/yweweler_103.png,3
spectrograms/yweweler_104.png,3
spectrograms/yweweler_105.png,3
spectrograms/yweweler_106.png,3
spectrograms/yweweler_107.png,3
spectrograms/yweweler_108.png,3
spectrograms/yweweler_109.png,3
spectrograms/yweweler_110.png,3
spectrograms/yweweler_111.png,3
spectrograms/yweweler_112.png,3
spectrograms/yweweler_113.png,3
spectrograms/yweweler_114.png,3
spectrograms/yweweler_115.png,3
spectrograms/yweweler_116.png,3
spectrograms/yweweler_117.png,3
spectrograms/yweweler_118.png,3
spectrograms/yweweler_119.png,3
spectrograms/yweweler_120.png,3
spectrograms/yweweler_121.png,3
spectrograms/yweweler_122.png,3
spectrograms/yweweler_123.png,3
spectrograms/yweweler_124.png,3
spectrograms/yweweler_125.png,3
spectrograms/yweweler_126.png,3
spectrograms/yweweler_127.png,3
spectrograms/yweweler_128.png,3
spectrograms/yweweler_129.png,3
spectrograms/yweweler_130.png,3
spectrograms/yweweler_131.png,3
spectrograms/yweweler_132.png,3
spectrograms/yweweler_133.png,3
spectrograms/yweweler_134.png,3
spectrograms/yweweler_135.png,2
spectrograms/yweweler_136.png,2
spectrograms/yweweler_137.png,2
spectrograms/yweweler_138.png,2
spectrograms/yweweler_139.png,2
spectrograms/yweweler_140.png,2
spectrograms/yweweler_141.png,2
spectrograms/yweweler_142.png,2
spectrograms/yweweler_143.png,2
spectrograms/yweweler_144.png,2
spectrograms/yweweler_145.png,2
spectrograms/yweweler_146.png,2
spectrograms/yweweler_147.png,2
spectrograms/yweweler_148.png,2
spectrograms/yweweler_149.png,2
spectrograms/yweweler_150.png,2
spectrograms/yweweler_151.png,2
spectrograms/yweweler_152.png,2
spectrograms/yweweler_153.png,2
spectrograms/yweweler_154.png,2
spectrograms/yweweler_155.png,2
spectrograms/yweweler_156.png,2
spectrograms/yweweler_157.png,2
spectrograms/yweweler_158.png,2
spectrograms/yweweler_159.png,2
spectrograms/yweweler_160.png,2
spectrograms/yweweler_161.png,2
spectrograms/yweweler_162.png,2
spectrograms/yweweler_163.png,2
spectrograms/yweweler_164.png,2
spectrograms/yweweler_165.png,2
spectrograms/yweweler_166.png,2
spectrograms/yweweler_167.png,2
spectrograms/yweweler_168.png,2
spectrograms/yweweler_169.png,2
spectrograms/yweweler_170.png,2
spectrograms/yweweler_171.png,2
spectrograms/yweweler_172.png,2
spectrograms/yweweler_173.png,2
spectrograms/yweweler_174.png,2
spectrograms/yweweler_175.png,2
spectrograms/yweweler_176.png,2
spectrograms/yweweler_177.png,2
spectrograms/yweweler_178.png,2
spectrograms/yweweler_179.png,2
spectrograms/yweweler_180.png,0
spectrograms/yweweler_181.png,0
spectrograms/yweweler_182.png,0
spectrograms/yweweler_183.png,0
spectrograms/yweweler_184.png,0
spectrograms/yweweler_185.png,0
spectrograms/yweweler_186.png,0
spectrograms/yweweler_187.png,0
spectrograms/yweweler_188.png,0
spectrograms/yweweler_189.png,0
spectrograms/yweweler_190.png,0
spectrograms/yweweler_191.png,0
spectrograms/yweweler_192.png,0
spectrograms/yweweler_193.png,0
spectrograms/yweweler_194.png,0
spectrograms/yweweler_195.png,0
spectrograms/yweweler_196.png,0
spectrograms/yweweler_197.png,0
spectrograms/yweweler_198.png,0
spectrograms/yweweler_199.png,0
spectrograms/yweweler_200.png,0
spectrograms/yweweler_201.png,0
spectrograms/yweweler_202.png,0
spectrograms/yweweler_203.png,0
spectrograms/yweweler_204.png,0
spectrograms/yweweler_205.png,0
spectrograms/yweweler_206.png,0
spectrograms/yweweler_207.png,0
spectrograms/yweweler_208.png,0
spectrograms/yweweler_209.png,0
spectrograms/yweweler_210.png,0
spectrograms/yweweler_211.png,0
spectrograms/yweweler_212.png,0
spectrograms/yweweler_213.png,0
spectrograms/yweweler_214.png,0
spectrograms/yweweler_215.png,0
spectrograms/yweweler_216.png,0
spectrograms/yweweler_217.png,0
spectrograms/yweweler_218.png,0
spectrograms/yweweler_219.png,0
spectrograms/yweweler_220.png,0
spectrograms/yweweler_221.png,0
spectrograms/yweweler_222.png,0
spectrograms/yweweler_223.png,0
spectrograms/yweweler_224.png,0
spectrograms/yweweler_225.png,6
spectrograms/yweweler_226.png,6
spectrograms/yweweler_227.png,6
spectrograms/yweweler_228.png,6
spectrograms/yweweler_229.png,6
spectrograms/yweweler_230.png,6
spectrograms/yweweler_231.png,6
spectrograms/yweweler_232.png,6
spectrograms/yweweler_233.png,6
spectrograms/yweweler_234.png,6
spectrograms/yweweler_235.png,6
spectrograms/yweweler_236.png,6
spectrograms/yweweler_237.png,6
spectrograms/yweweler_238.png,6
spectrograms/yweweler_239.png,6
spectrograms/yweweler_240.png,6
spectrograms/yweweler_241.png,6
spectrograms/yweweler_242.png,6
spectrograms/yweweler_243.png,6
spectrograms/yweweler_244.png,6
spectrograms/yweweler_245.png,6
spectrograms/yweweler_246.png,6
spectrograms/yweweler_247.png,6
spectrograms/yweweler_248.png,6
spectrograms/yweweler_249.png,6
spectrograms/yweweler_250.png,6
spectrograms/yweweler_251.png,6
spectrograms/yweweler_252.png,6
spectrograms/yweweler_253.png,6
spectrograms/yweweler_254.png,6
spectrograms/yweweler_255.png,6
spectrograms/yweweler_256.png,6
spectrograms/yweweler_257.png,6
spectrograms/yweweler_258.png,6
spectrograms/yweweler_259.png,6
spectrograms/yweweler_260.png,6
spectrograms/yweweler_261.png,6
spectrograms/yweweler_262.png,6
spectrograms/yweweler_263.png,6
spectrograms/yweweler_264.png,6
spectrograms/yweweler_265.png,6
spectrograms/yweweler_266.png,6
spectrograms/yweweler_267.png,6
spectrograms/yweweler_268.png,6
spectrograms/yweweler_269.png,6
spectrograms/yweweler_270.png,8
spectrograms/yweweler_271.png,8
spectrograms/yweweler_272.png,8
spectrograms/yweweler_273.png,8
spectrograms/yweweler_274.png,8
spectrograms/yweweler_275.png,8
spectrograms/yweweler_276.png,8
spectrograms/yweweler_277.png,8
spectrograms/yweweler_278.png,8
spectrograms/yweweler_279.png,8
spectrograms/yweweler_280.png,8
spectrograms/yweweler_281.png,8
spectrograms/yweweler_282.png,8
spectrograms/yweweler_283.png,8
spectrograms/yweweler_284.png,8
spectrograms/yweweler_285.png,8
spectrograms/yweweler_286.png,8
spectrograms/yweweler_287.png,8
spectrograms/yweweler_288.png,8
spectrograms/yweweler_289.png,8
spectrograms/yweweler_290.png,8
spectrograms/yweweler_291.png,8
spectrograms/yweweler_292.png,8
spectrograms/yweweler_293.png,8
spectrograms/yweweler_294.png,8
spectrograms/yweweler_295.png,8
spectrograms/yweweler_296.png,8
spectrograms/yweweler_297.png,8
spectrograms/yweweler_298.png,8
spectrograms/yweweler_299.png,8
spectrograms/yweweler_300.png,8
spectrograms/yweweler_301.png,8
spectrograms/yweweler_302.png,8
spectrograms/yweweler_303.png,8
spectrograms/yweweler_304.png,8
spectrograms/yweweler_305.png,8
spectrograms/yweweler_306.png,8
spectrograms/yweweler_307.png,8
spectrograms/yweweler_308.png,8
spectrograms/yweweler_309.png,8
spectrograms/yweweler_310.png,8
spectrograms/yweweler_311.png,8
spectrograms/yweweler_312.png,8
spectrograms/yweweler_313.png,8
spectrograms/yweweler_314.png,8
spectrograms/yweweler_315.png,4
spectrograms/yweweler_316.png,4
spectrograms/yweweler_317.png,4
spectrograms/yweweler_318.png,4
spectrograms/yweweler_319.png,4
spectrograms/yweweler_320.png,4
spectrograms/yweweler_321.png,4
spectrograms/yweweler_322.png,4
spectrograms/yweweler_323.png,4
spectrograms/yweweler_324.png,4
spectrograms/yweweler_325.png,4
spectrograms/yweweler_326.png,4
spectrograms/yweweler_327.png,4
spectrograms/yweweler_328.png,4
spectrograms/yweweler_329.png,4
spectrograms/yweweler_330.png,4
spectrograms/yweweler_331.png,4
spectrograms/yweweler_332.png,4
spectrograms/yweweler_333.png,4
spectrograms/yweweler_334.png,4
spectrograms/yweweler_335.png,4
spectrograms/yweweler_336.png,4
spectrograms/yweweler_337.png,4
spectrograms/yweweler_338.png,4
spectrograms/yweweler_339.png,4
spectrograms/yweweler_340.png,4
spectrograms/yweweler_341.png,4
spectrograms/yweweler_342.png,4
spectrograms/yweweler_343.png,4
spectrograms/yweweler_344.png,4
spectrograms/yweweler_345.png,4
spectrograms/yweweler_346.png,4
spectrograms/yweweler_347.png,4
spectrograms/yweweler_348.png,4
spectrograms/yweweler_349.png,4
spectrograms/yweweler_350.png,4
spectrograms/yweweler_351.png,4
spectrograms/yweweler_352.png,4
spectrograms/yweweler_353.png,4
spectrograms/yweweler_354.png,4
spectrograms/yweweler_355.png,4
spectrograms/yweweler_356.png,4
spectrograms/yweweler_357.png,4
spectrograms/yweweler_358.png,4
spectrograms/yweweler_359.png,4
spectrograms/yweweler_360.png,5
spectrograms/yweweler_361.png,5
spectrograms/yweweler_362.png,5
spectrograms/yweweler_363.png,5
spectrograms/yweweler_364.png,5
spectrograms/yweweler_365.png,5
spectrograms/yweweler_366.png,5
spectrograms/yweweler_367.png,5
spectrograms/yweweler_368.png,5
spectrograms/yweweler_369.png,5
spectrograms/yweweler_370.png,5
spectrograms/yweweler_371.png,5
spectrograms/yweweler_372.png,5
spectrograms/yweweler_373.png,5
spectrograms/yweweler_374.png,5
spectrograms/yweweler_375.png,5
spectrograms/yweweler_376.png,5
spectrograms/yweweler_377.png,5
spectrograms/yweweler_378.png,5
spectrograms/yweweler_379.png,5
spectrograms/yweweler_380.png,5
spectrograms/yweweler_381.png,5
spectrograms/yweweler_382.png,5
spectrograms/yweweler_383.png,5
spectrograms/yweweler_384.png,5
spectrograms/yweweler_385.png,5
spectrograms/yweweler_386.png,5
spectrograms/yweweler_387.png,5
spectrograms/yweweler_388.png,5
spectrograms/yweweler_389.png,5
spectrograms/yweweler_390.png,5
spectrograms/yweweler_391.png,5
spectrograms/yweweler_392.png,5
spectrograms/yweweler_393.png,5
spectrograms/yweweler_394.png,5
spectrograms/yweweler_395.png,5
spectrograms/yweweler_396.png,5
spectrograms/yweweler_397.png,5
spectrograms/yweweler_398.png,5
spectrograms/yweweler_399.png,5
spectrograms/yweweler_400.png,5
spectrograms/yweweler_401.png,5
spectrograms/yweweler_402.png,5
spectrograms/yweweler_403.png,5
spectrograms/yweweler_404.png,5
spectrograms/yweweler_405.png,7
spectrograms/yweweler_406.png,7
spectrograms/yweweler_407.png,7
spectrograms/yweweler_408.png,7
spectrograms/yweweler_409.png,7
spectrograms/yweweler_410.png,7
spectrograms/yweweler_411.png,7
spectrograms/yweweler_412.png,7
spectrograms/yweweler_413.png,7
spectrograms/yweweler_414.png,7
spectrograms/yweweler_415.png,7
spectrograms/yweweler_416.png,7
spectrograms/yweweler_417.png,7
spectrograms/yweweler_418.png,7
spectrograms/yweweler_419.png,7
spectrograms/yweweler_420.png,7
spectrograms/yweweler_421.png,7
spectrograms/yweweler_422.png,7
spectrograms/yweweler_423.png,7
spectrograms/yweweler_424.png,7
spectrograms/yweweler_425.png,7
spectrograms/yweweler_426.png,7
spectrograms/yweweler_427.png,7
spectrograms/yweweler_428.png,7
spectrograms/yweweler_429.png,7
spectrograms/yweweler_430.png,7
spectrograms/yweweler_431.png,7
spectrograms/yweweler_432.png,7
spectrograms/yweweler_433.png,7
spectrograms/yweweler_434.png,7
spectrograms/yweweler_435.png,7
spectrograms/yweweler_436.png,7
spectrograms/yweweler_437.png,7
spectrograms/yweweler_438.png,7
spectrograms/yweweler_439.png,7
spectrograms/yweweler_440.png,7
spectrograms/yweweler_441.png,7
spectrograms/yweweler_442.png,7
spectrograms/yweweler_443.png,7
spectrograms/yweweler_444.png,7
spectrograms/yweweler_445.png,7
spectrograms/yweweler_446.png,7
spectrograms/yweweler_447.png,7
spectrograms/yweweler_448.png,7
spectrograms/yweweler_449.png,7
spectrograms/george_0.png,2
spectrograms/george_1.png,2
spectrograms/george_2.png,2
spectrograms/george_3.png,2
spectrograms/george_4.png,2
spectrograms/george_5.png,2
spectrograms/george_6.png,2
spectrograms/george_7.png,2
spectrograms/george_8.png,2
spectrograms/george_9.png,2
spectrograms/george_10.png,2
spectrograms/george_11.png,2
spectrograms/george_12.png,2
spectrograms/george_13.png,2
spectrograms/george_14.png,2
spectrograms/george_15.png,2
spectrograms/george_16.png,2
spectrograms/george_17.png,2
spectrograms/george_18.png,2
spectrograms/george_19.png,2
spectrograms/george_20.png,2
spectrograms/george_21.png,2
spectrograms/george_22.png,2
spectrograms/george_23.png,2
spectrograms/george_24.png,2
spectrograms/george_25.png,2
spectrograms/george_26.png,2
spectrograms/george_27.png,2
spectrograms/george_28.png,2
spectrograms/george_29.png,2
spectrograms/george_30.png,2
spectrograms/george_31.png,2
spectrograms/george_32.png,2
spectrograms/george_33.png,2
spectrograms/george_34.png,2
spectrograms/george_35.png,2
spectrograms/george_36.png,2
spectrograms/george_37.png,2
spectrograms/george_38.png,2
spectrograms/george_39.png,2
spectrograms/george_40.png,2
spectrograms/george_41.png,2
spectrograms/george_42.png,2
spectrograms/george_43.png,2
spectrograms/george_44.png,2
spectrograms/george_45.png,5
spectrograms/george_46.png,5
spectrograms/george_47.png,5
spectrograms/george_48.png,5
spectrograms/george_49.png,5
spectrograms/george_50.png,5
spectrograms/george_51.png,5
spectrograms/george_52.png,5
spectrograms/george_53.png,5
spectrograms/george_54.png,5
spectrograms/george_55.png,5
spectrograms/george_56.png,5
spectrograms/george_57.png,5
spectrograms/george_58.png,5
spectrograms/george_59.png,5
spectrograms/george_60.png,5
spectrograms/george_61.png,5
spectrograms/george_62.png,5
spectrograms/george_63.png,5
spectrograms/george_64.png,5
spectrograms/george_65.png,5
spectrograms/george_66.png,5
spectrograms/george_67.png,5
spectrograms/george_68.png,5
spectrograms/george_69.png,5
spectrograms/george_70.png,5
spectrograms/george_71.png,5
spectrograms/george_72.png,5
spectrograms/george_73.png,5
spectrograms/george_74.png,5
spectrograms/george_75.png,5
spectrograms/george_76.png,5
spectrograms/george_77.png,5
spectrograms/george_78.png,5
spectrograms/george_79.png,5
spectrograms/george_80.png,5
spectrograms/george_81.png,5
spectrograms/george_82.png,5
spectrograms/george_83.png,5
spectrograms/george_84.png,5
spectrograms/george_85.png,5
spectrograms/george_86.png,5
spectrograms/george_87.png,5
spectrograms/george_88.png,5
spectrograms/george_89.png,5
spectrograms/george_90.png,3
spectrograms/george_91.png,3
spectrograms/george_92.png,3
spectrograms/george_93.png,3
spectrograms/george_94.png,3
spectrograms/george_95.png,3
spectrograms/george_96.png,3
spectrograms/george_97.png,3
spectrograms/george_98.png,3
spectrograms/george_99.png,3
spectrograms/george_100.png,3
spectrograms/george_101.png,3
spectrograms/george_102.png,3
spectrograms/george_103.png,3
spectrograms/george_104.png,3
spectrograms/george_105.png,3
spectrograms/george_106.png,3
spectrograms/george_107.png,3
spectrograms/george_108.png,3
spectrograms/george_109.png,3
spectrograms/george_110.png,3
spectrograms/george_111.png,3
spectrograms/george_112.png,3
spectrograms/george_113.png,3
spectrograms/george_114.png,3
spectrograms/george_115.png,3
spectrograms/george_116.png,3
spectrograms/george_117.png,3
spectrograms/george_118.png,3
spectrograms/george_119.png,3
spectrograms/george_120.png,3
spectrograms/george_121.png,3
spectrograms/george_122.png,3
spectrograms/george_123.png,3
spectrograms/george_124.png,3
spectrograms/george_125.png,3
spectrograms/george_126.png,3
spectrograms/george_127.png,3
spectrograms/george_128.png,3
spectrograms/george_129.png,3
spectrograms/george_130.png,3
spectrograms/george_131.png,3
spectrograms/george_132.png,3
spectrograms/george_133.png,3
spectrograms/george_134.png,3
spectrograms/george_135.png,0
spectrograms/george_136.png,0
spectrograms/george_137.png,0
spectrograms/george_138.png,0
spectrograms/george_139.png,0
spectrograms/george_140.png,0
spectrograms/george_141.png,0
spectrograms/george_142.png,0
spectrograms/george_143.png,0
spectrograms/george_144.png,0
spectrograms/george_145.png,0
spectrograms/george_146.png,0
spectrograms/george_147.png,0
spectrograms/george_148.png,0
spectrograms/george_149.png,0
spectrograms/george_150.png,0
spectrograms/george_151.png,0
spectrograms/george_152.png,0
spectrograms/george_153.png,0
spectrograms/george_154.png,0
spectrograms/george_155.png,0
spectrograms/george_156.png,0
spectrograms/george_157.png,0
spectrograms/george_158.png,0
spectrograms/george_159.png,0
spectrograms/george_160.png,0
spectrograms/george_161.png,0
spectrograms/george_162.png,0
spectrograms/george_163.png,0
spectrograms/george_164.png,0
spectrograms/george_165.png,0
spectrograms/george_166.png,0
spectrograms/george_167.png,0
spectrograms/george_168.png,0
spectrograms/george_169.png,0
spectrograms/george_170.png,0
spectrograms/george_171.png,0
spectrograms/george_172.png,0
spectrograms/george_173.png,0
spectrograms/george_174.png,0
spectrograms/george_175.png,0
spectrograms/george_176.png,0
spectrograms/george_177.png,0
spectrograms/george_178.png,0
spectrograms/george_179.png,0
spectrograms/george_180.png,7
spectrograms/george_181.png,7
spectrograms/george_182.png,7
spectrograms/george_183.png,7
spectrograms/george_184.png,7
spectrograms/george_185.png,7
spectrograms/george_186.png,7
spectrograms/george_187.png,7
spectrograms/george_188.png,7
spectrograms/george_189.png,7
spectrograms/george_190.png,7
spectrograms/george_191.png,7
spectrograms/george_192.png,7
spectrograms/george_193.png,7
spectrograms/george_194.png,7
spectrograms/george_195.png,7
spectrograms/george_196.png,7
spectrograms/george_197.png,7
spectrograms/george_198.png,7
spectrograms/george_199.png,7
spectrograms/george_200.png,7
spectrograms/george_201.png,7
spectrograms/george_202.png,7
spectrograms/george_203.png,7
spectrograms/george_204.png,7
spectrograms/george_205.png,7
spectrograms/george_206.png,7
spectrograms/george_207.png,7
spectrograms/george_208.png,7
spectrograms/george_209.png,7
spectrograms/george_210.png,7
spectrograms/george_211.png,7
spectrograms/george_212.png,7
spectrograms/george_213.png,7
spectrograms/george_214.png,7
spectrograms/george_215.png,7
spectrograms/george_216.png,7
spectrograms/george_217.png,7
spectrograms/george_218.png,7
spectrograms/george_219.png,7
spectrograms/george_220.png,7
spectrograms/george_221.png,7
spectrograms/george_222.png,7
spectrograms/george_223.png,7
spectrograms/george_224.png,7
spectrograms/george_225.png,9
spectrograms/george_226.png,9
spectrograms/george_227.png,9
spectrograms/george_228.png,9
spectrograms/george_229.png,9
spectrograms/george_230.png,9
spectrograms/george_231.png,9
spectrograms/george_232.png,9
spectrograms/george_233.png,9
spectrograms/george_234.png,9
spectrograms/george_235.png,9
spectrograms/george_236.png,9
spectrograms/george_237.png,9
spectrograms/george_238.png,9
spectrograms/george_239.png,9
spectrograms/george_240.png,9
spectrograms/george_241.png,9
spectrograms/george_242.png,9
spectrograms/george_243.png,9
spectrograms/george_244.png,9
spectrograms/george_245.png,9
spectrograms/george_246.png,9
spectrograms/george_247.png,9
spectrograms/george_248.png,9
spectrograms/george_249.png,9
spectrograms/george_250.png,9
spectrograms/george_251.png,9
spectrograms/george_252.png,9
spectrograms/george_253.png,9
spectrograms/george_254.png,9
spectrograms/george_255.png,9
spectrograms/george_256.png,9
spectrograms/george_257.png,9
spectrograms/george_258.png,9
spectrograms/george_259.png,9
spectrograms/george_260.png,9
spectrograms/george_261.png,9
spectrograms/george_262.png,9
spectrograms/george_263.png,9
spectrograms/george_264.png,9
spectrograms/george_265.png,9
spectrograms/george_266.png,9
spectrograms/george_267.png,9
spectrograms/george_268.png,9
spectrograms/george_269.png,9
spectrograms/george_270.png,8
spectrograms/george_271.png,8
spectrograms/george_272.png,8
spectrograms/george_273.png,8
spectrograms/george_274.png,8
spectrograms/george_275.png,8
spectrograms/george_276.png,8
spectrograms/george_277.png,8
spectrograms/george_278.png,8
spectrograms/george_279.png,8
spectrograms/george_280.png,8
spectrograms/george_281.png,8
spectrograms/george_282.png,8
spectrograms/george_283.png,8
spectrograms/george_284.png,8
spectrograms/george_285.png,8
spectrograms/george_286.png,8
spectrograms/george_287.png,8
spectrograms/george_288.png,8
spectrograms/george_289.png,8
spectrograms/george_290.png,8
spectrograms/george_291.png,8
spectrograms/george_292.png,8
spectrograms/george_293.png,8
spectrograms/george_294.png,8
spectrograms/george_295.png,8
spectrograms/george_296.png,8
spectrograms/george_297.png,8
spectrograms/george_298.png,8
spectrograms/george_299.png,8
spectrograms/george_300.png,8
spectrograms/george_301.png,8
spectrograms/george_302.png,8
spectrograms/george_303.png,8
spectrograms/george_304.png,8
spectrograms/george_305.png,8
spectrograms/george_306.png,8
spectrograms/george_307.png,8
spectrograms/george_308.png,8
spectrograms/george_309.png,8
spectrograms/george_310.png,8
spectrograms/george_311.png,8
spectrograms/george_312.png,8
spectrograms/george_313.png,8
spectrograms/george_314.png,8
spectrograms/george_315.png,4
spectrograms/george_316.png,4
spectrograms/george_317.png,4
spectrograms/george_318.png,4
spectrograms/george_319.png,4
spectrograms/george_320.png,4
spectrograms/george_321.png,4
spectrograms/george_322.png,4
spectrograms/george_323.png,4
spectrograms/george_324.png,4
spectrograms/george_325.png,4
spectrograms/george_326.png,4
spectrograms/george_327.png,4
spectrograms/george_328.png,4
spectrograms/george_329.png,4
spectrograms/george_330.png,4
spectrograms/george_331.png,4
spectrograms/george_332.png,4
spectrograms/george_333.png,4
spectrograms/george_334.png,4
spectrograms/george_335.png,4
spectrograms/george_336.png,4
spectrograms/george_337.png,4
spectrograms/george_338.png,4
spectrograms/george_339.png,4
spectrograms/george_340.png,4
spectrograms/george_341.png,4
spectrograms/george_342.png,4
spectrograms/george_343.png,4
spectrograms/george_344.png,4
spectrograms/george_345.png,4
spectrograms/george_346.png,4
spectrograms/george_347.png,4
spectrograms/george_348.png,4
spectrograms/george_349.png,4
spectrograms/george_350.png,4
spectrograms/george_351.png,4
spectrograms/george_352.png,4
spectrograms/george_353.png,4
spectrograms/george_354.png,4
spectrograms/george_355.png,4
spectrograms/george_356.png,4
spectrograms/george_357.png,4
spectrograms/george_358.png,4
spectrograms/george_359.png,4
spectrograms/george_360.png,6
spectrograms/george_361.png,6
spectrograms/george_362.png,6
spectrograms/george_363.png,6
spectrograms/george_364.png,6
spectrograms/george_365.png,6
spectrograms/george_366.png,6
spectrograms/george_367.png,6
spectrograms/george_368.png,6
spectrograms/george_369.png,6
spectrograms/george_370.png,6
spectrograms/george_371.png,6
spectrograms/george_372.png,6
spectrograms/george_373.png,6
spectrograms/george_374.png,6
spectrograms/george_375.png,6
spectrograms/george_376.png,6
spectrograms/george_377.png,6
spectrograms/george_378.png,6
spectrograms/george_379.png,6
spectrograms/george_380.png,6
spectrograms/george_381.png,6
spectrograms/george_382.png,6
spectrograms/george_383.png,6
spectrograms/george_384.png,6
spectrograms/george_385.png,6
spectrograms/george_386.png,6
spectrograms/george_387.png,6
spectrograms/george_388.png,6
spectrograms/george_389.png,6
spectrograms/george_390.png,6
spectrograms/george_391.png,6
spectrograms/george_392.png,6
spectrograms/george_393.png,6
spectrograms/george_394.png,6
spectrograms/george_395.png,6
spectrograms/george_396.png,6
spectrograms/george_397.png,6
spectrograms/george_398.png,6
spectrograms/george_399.png,6
spectrograms/george_400.png,6
spectrograms/george_401.png,6
spectrograms/george_402.png,6
spectrograms/george_403.png,6
spectrograms/george_404.png,6
spectrograms/george_405.png,1
spectrograms/george_406.png,1
spectrograms/george_407.png,1
spectrograms/george_408.png,1
spectrograms/george_409.png,1
spectrograms/george_410.png,1
spectrograms/george_411.png,1
spectrograms/george_412.png,1
spectrograms/george_413.png,1
spectrograms/george_414.png,1
spectrograms/george_415.png,1
spectrograms/george_416.png,1
spectrograms/george_417.png,1
spectrograms/george_418.png,1
spectrograms/george_419.png,1
spectrograms/george_420.png,1
spectrograms/george_421.png,1
spectrograms/george_422.png,1
spectrograms/george_423.png,1
spectrograms/george_424.png,1
spectrograms/george_425.png,1
spectrograms/george_426.png,1
spectrograms/george_427.png,1
spectrograms/george_428.png,1
spectrograms/george_429.png,1
spectrograms/george_430.png,1
spectrograms/george_431.png,1
spectrograms/george_432.png,1
spectrograms/george_433.png,1
spectrograms/george_434.png,1
spectrograms/george_435.png,1
spectrograms/george_436.png,1
spectrograms/george_437.png,1
spectrograms/george_438.png,1
spectrograms/george_439.png,1
spectrograms/george_440.png,1
spectrograms/george_441.png,1
spectrograms/george_442.png,1
spectrograms/george_443.png,1
spectrograms/george_444.png,1
spectrograms/george_445.png,1
spectrograms/george_446.png,1
spectrograms/george_447.png,1
spectrograms/george_448.png,1
spectrograms/george_449.png,1
spectrograms/lucas_0.png,8
spectrograms/lucas_1.png,8
spectrograms/lucas_2.png,8
spectrograms/lucas_3.png,8
spectrograms/lucas_4.png,8
spectrograms/lucas_5.png,8
spectrograms/lucas_6.png,8
spectrograms/lucas_7.png,8
spectrograms/lucas_8.png,8
spectrograms/lucas_9.png,8
spectrograms/lucas_10.png,8
spectrograms/lucas_11.png,8
spectrograms/lucas_12.png,8
spectrograms/lucas_13.png,8
spectrograms/lucas_14.png,8
spectrograms/lucas_15.png,8
spectrograms/lucas_16.png,8
spectrograms/lucas_17.png,8
spectrograms/lucas_18.png,8
spectrograms/lucas_19.png,8
spectrograms/lucas_20.png,8
spectrograms/lucas_21.png,8
spectrograms/lucas_22.png,8
spectrograms/lucas_23.png,8
spectrograms/lucas_24.png,8
spectrograms/lucas_25.png,8
spectrograms/lucas_26.png,8
spectrograms/lucas_27.png,8
spectrograms/lucas_28.png,8
spectrograms/lucas_29.png,8
spectrograms/lucas_30.png,8
spectrograms/lucas_31.png,8
spectrograms/lucas_32.png,8
spectrograms/lucas_33.png,8
spectrograms/lucas_34.png,8
spectrograms/lucas_35.png,8
spectrograms/lucas_36.png,8
spectrograms/lucas_37.png,8
spectrograms/lucas_38.png,8
spectrograms/lucas_39.png,8
spectrograms/lucas_40.png,8
spectrograms/lucas_41.png,8
spectrograms/lucas_42.png,8
spectrograms/lucas_43.png,8
spectrograms/lucas_44.png,8
spectrograms/lucas_45.png,0
spectrograms/lucas_46.png,0
spectrograms/lucas_47.png,0
spectrograms/lucas_48.png,0
spectrograms/lucas_49.png,0
spectrograms/lucas_50.png,0
spectrograms/lucas_51.png,0
spectrograms/lucas_52.png,0
spectrograms/lucas_53.png,0
spectrograms/lucas_54.png,0
spectrograms/lucas_55.png,0
spectrograms/lucas_56.png,0
spectrograms/lucas_57.png,0
spectrograms/lucas_58.png,0
spectrograms/lucas_59.png,0
spectrograms/lucas_60.png,0
spectrograms/lucas_61.png,0
spectrograms/lucas_62.png,0
spectrograms/lucas_63.png,0
spectrograms/lucas_64.png,0
spectrograms/lucas_65.png,0
spectrograms/lucas_66.png,0
spectrograms/lucas_67.png,0
spectrograms/lucas_68.png,0
spectrograms/lucas_69.png,0
spectrograms/lucas_70.png,0
spectrograms/lucas_71.png,0
spectrograms/lucas_72.png,0
spectrograms/lucas_73.png,0
spectrograms/lucas_74.png,0
spectrograms/lucas_75.png,0
spectrograms/lucas_76.png,0
spectrograms/lucas_77.png,0
spectrograms/lucas_78.png,0
spectrograms/lucas_79.png,0
spectrograms/lucas_80.png,0
spectrograms/lucas_81.png,0
spectrograms/lucas_82.png,0
spectrograms/lucas_83.png,0
spectrograms/lucas_84.png,0
spectrograms/lucas_85.png,0
spectrograms/lucas_86.png,0
spectrograms/lucas_87.png,0
spectrograms/lucas_88.png,0
spectrograms/lucas_89.png,0
spectrograms/lucas_90.png,9
spectrograms/lucas_91.png,9
spectrograms/lucas_92.png,9
spectrograms/lucas_93.png,9
spectrograms/lucas_94.png,9
spectrograms/lucas_95.png,9
spectrograms/lucas_96.png,9
spectrograms/lucas_97.png,9
spectrograms/lucas_98.png,9
spectrograms/lucas_99.png,9
spectrograms/lucas_100.png,9
spectrograms/lucas_101.png,9
spectrograms/lucas_102.png,9
spectrograms/lucas_103.png,9
spectrograms/lucas_104.png,9
spectrograms/lucas_105.png,9
spectrograms/lucas_106.png,9
spectrograms/lucas_107.png,9
spectrograms/lucas_108.png,9
spectrograms/lucas_109.png,9
spectrograms/lucas_110.png,9
spectrograms/lucas_111.png,9
spectrograms/lucas_112.png,9
spectrograms/lucas_113.png,9
spectrograms/lucas_114.png,9
spectrograms/lucas_115.png,9
spectrograms/lucas_116.png,9
spectrograms/lucas_117.png,9
spectrograms/lucas_118.png,9
spectrograms/lucas_119.png,9
spectrograms/lucas_120.png,9
spectrograms/lucas_121.png,9
spectrograms/lucas_122.png,9
spectrograms/lucas_123.png,9
spectrograms/lucas_124.png,9
spectrograms/lucas_125.png,9
spectrograms/lucas_126.png,9
spectrograms/lucas_127.png,9
spectrograms/lucas_128.png,9
spectrograms/lucas_129.png,9
spectrograms/lucas_130.png,9
spectrograms/lucas_131.png,9
spectrograms/lucas_132.png,9
spectrograms/lucas_133.png,9
spectrograms/lucas_134.png,9
spectrograms/lucas_135.png,5
spectrograms/lucas_136.png,5
spectrograms/lucas_137.png,5
spectrograms/lucas_138.png,5
spectrograms/lucas_139.png,5
spectrograms/lucas_140.png,5
spectrograms/lucas_141.png,5
spectrograms/lucas_142.png,5
spectrograms/lucas_143.png,5
spectrograms/lucas_144.png,5
spectrograms/lucas_145.png,5
spectrograms/lucas_146.png,5
spectrograms/lucas_147.png,5
spectrograms/lucas_148.png,5
spectrograms/lucas_149.png,5
spectrograms/lucas_150.png,5
spectrograms/lucas_151.png,5
spectrograms/lucas_152.png,5
spectrograms/lucas_153.png,5
spectrograms/lucas_154.png,5
spectrograms/lucas_155.png,5
spectrograms/lucas_156.png,5
spectrograms/lucas_157.png,5
spectrograms/lucas_158.png,5
spectrograms/lucas_159.png,5
spectrograms/lucas_160.png,5
spectrograms/lucas_161.png,5
spectrograms/lucas_162.png,5
spectrograms/lucas_163.png,5
spectrograms/lucas_164.png,5
spectrograms/lucas_165.png,5
spectrograms/lucas_166.png,5
spectrograms/lucas_167.png,5
spectrograms/lucas_168.png,5
spectrograms/lucas_169.png,5
spectrograms/lucas_170.png,5
spectrograms/lucas_171.png,5
spectrograms/lucas_172.png,5
spectrograms/lucas_173.png,5
spectrograms/lucas_174.png,5
spectrograms/lucas_175.png,5
spectrograms/lucas_176.png,5
spectrograms/lucas_177.png,5
spectrograms/lucas_178.png,5
spectrograms/lucas_179.png,5
spectrograms/lucas_180.png,7
spectrograms/lucas_181.png,7
spectrograms/lucas_182.png,7
spectrograms/lucas_183.png,7
spectrograms/lucas_184.png,7
spectrograms/lucas_185.png,7
spectrograms/lucas_186.png,7
spectrograms/lucas_187.png,7
spectrograms/lucas_188.png,7
spectrograms/lucas_189.png,7
spectrograms/lucas_190.png,7
spectrograms/lucas_191.png,7
spectrograms/lucas_192.png,7
spectrograms/lucas_193.png,7
spectrograms/lucas_194.png,7
spectrograms/lucas_195.png,7
spectrograms/lucas_196.png,7
spectrograms/lucas_197.png,7
spectrograms/lucas_198.png,7
spectrograms/lucas_199.png,7
spectrograms/lucas_200.png,7
spectrograms/lucas_201.png,7
spectrograms/lucas_202.png,7
spectrograms/lucas_203.png,7
spectrograms/lucas_204.png,7
spectrograms/lucas_205.png,7
spectrograms/lucas_206.png,7
spectrograms/lucas_207.png,7
spectrograms/lucas_208.png,7
spectrograms/lucas_209.png,7
spectrograms/lucas_210.png,7
spectrograms/lucas_211.png,7
spectrograms/lucas_212.png,7
spectrograms/lucas_213.png,7
spectrograms/lucas_214.png,7
spectrograms/lucas_215.png,7
spectrograms/lucas_216.png,7
spectrograms/lucas_217.png,7
spectrograms/lucas_218.png,7
spectrograms/lucas_219.png,7
spectrograms/lucas_220.png,7
spectrograms/lucas_221.png,7
spectrograms/lucas_222.png,7
spectrograms/lucas_223.png,7
spectrograms/lucas_224.png,7
spectrograms/lucas_225.png,3
spectrograms/lucas_226.png,3
spectrograms/lucas_227.png,3
spectrograms/lucas_228.png,3
spectrograms/lucas_229.png,3
spectrograms/lucas_230.png,3
spectrograms/lucas_231.png,3
spectrograms/lucas_232.png,3
spectrograms/lucas_233.png,3
spectrograms/lucas_234.png,3
spectrograms/lucas_235.png,3
spectrograms/lucas_236.png,3
spectrograms/lucas_237.png,3
spectrograms/lucas_238.png,3
spectrograms/lucas_239.png,3
spectrograms/lucas_240.png,3
spectrograms/lucas_241.png,3
spectrograms/lucas_242.png,3
spectrograms/lucas_243.png,3
spectrograms/lucas_244.png,3
spectrograms/lucas_245.png,3
spectrograms/lucas_246.png,3
spectrograms/lucas_247.png,3
spectrograms/lucas_248.png,3
spectrograms/lucas_249.png,3
spectrograms/lucas_250.png,3
spectrograms/lucas_251.png,3
spectrograms/lucas_252.png,3
spectrograms/lucas_253.png,3
spectrograms/lucas_254.png,3
spectrograms/lucas_255.png,3
spectrograms/lucas_256.png,3
spectrograms/lucas_257.png,3
spectrograms/lucas_258.png,3
spectrograms/lucas_259.png,3
spectrograms/lucas_260.png,3
spectrograms/lucas_261.png,3
spectrograms/lucas_262.png,3
spectrograms/lucas_263.png,3
spectrograms/lucas_264.png,3
spectrograms/lucas_265.png,3
spectrograms/lucas_266.png,3
spectrograms/lucas_267.png,3
spectrograms/lucas_268.png,3
spectrograms/lucas_269.png,3
spectrograms/lucas_270.png,2
spectrograms/lucas_271.png,2
spectrograms/lucas_272.png,2
spectrograms/lucas_273.png,2
spectrograms/lucas_274.png,2
spectrograms/lucas_275.png,2
spectrograms/lucas_276.png,2
spectrograms/lucas_277.png,2
spectrograms/lucas_278.png,2
spectrograms/lucas_279.png,2
spectrograms/lucas_280.png,2
spectrograms/lucas_281.png,2
spectrograms/lucas_282.png,2
spectrograms/lucas_283.png,2
spectrograms/lucas_284.png,2
spectrograms/lucas_285.png,2
spectrograms/lucas_286.png,2
spectrograms/lucas_287.png,2
spectrograms/lucas_288.png,2
spectrograms/lucas_289.png,2
spectrograms/lucas_290.png,2
spectrograms/lucas_291.png,2
spectrograms/lucas_292.png,2
spectrograms/lucas_293.png,2
spectrograms/lucas_294.png,2
spectrograms/lucas_295.png,2
spectrograms/lucas_296.png,2
spectrograms/lucas_297.png,2
spectrograms/lucas_298.png,2
spectrograms/lucas_299.png,2
spectrograms/lucas_300.png,2
spectrograms/lucas_301.png,2
spectrograms/lucas_302.png,2
spectrograms/lucas_303.png,2
spectrograms/lucas_304.png,2
spectrograms/lucas_305.png,2
spectrograms/lucas_306.png,2
spectrograms/lucas_307.png,2
spectrograms/lucas_308.png,2
spectrograms/lucas_309.png,2
spectrograms/lucas_310.png,2
spectrograms/lucas_311.png,2
spectrograms/lucas_312.png,2
spectrograms/lucas_313.png,2
spectrograms/lucas_314.png,2
spectrograms/lucas_315.png,6
spectrograms/lucas_316.png,6
spectrograms/lucas_317.png,6
spectrograms/lucas_318.png,6
spectrograms/lucas_319.png,6
spectrograms/lucas_320.png,6
spectrograms/lucas_321.png,6
spectrograms/lucas_322.png,6
spectrograms/lucas_323.png,6
spectrograms/lucas_324.png,6
spectrograms/lucas_325.png,6
spectrograms/lucas_326.png,6
spectrograms/lucas_327.png,6
spectrograms/lucas_328.png,6
spectrograms/lucas_329.png,6
spectrograms/lucas_330.png,6
spectrograms/lucas_331.png,6
spectrograms/lucas_332.png,6
spectrograms/lucas_333.png,6
spectrograms/lucas_334.png,6
spectrograms/lucas_335.png,6
spectrograms/lucas_336.png,6
spectrograms/lucas_337.png,6
spectrograms/lucas_338.png,6
spectrograms/lucas_339.png,6
spectrograms/lucas_340.png,6
spectrograms/lucas_341.png,6
spectrograms/lucas_342.png,6
spectrograms/lucas_343.png,6
spectrograms/lucas_344.png,6
spectrograms/lucas_345.png,6
spectrograms/lucas_346.png,6
spectrograms/lucas_347.png,6
spectrograms/lucas_348.png,6
spectrograms/lucas_349.png,6
spectrograms/lucas_350.png,6
spectrograms/lucas_351.png,6
spectrograms/lucas_352.png,6
spectrograms/lucas_353.png,6
spectrograms/lucas_354.png,6
spectrograms/lucas_355.png,6
spectrograms/lucas_356.png,6
spectrograms/lucas_357.png,6
spectrograms/lucas_358.png,6
spectrograms/lucas_359.png,6
spectrograms/lucas_360.png,4
spectrograms/lucas_361.png,4
spectrograms/lucas_362.png,4
spectrograms/lucas_363.png,4
spectrograms/lucas_364.png,4
spectrograms/lucas_365.png,4
spectrograms/lucas_366.png,4
spectrograms/lucas_367.png,4
spectrograms/lucas_368.png,4
spectrograms/lucas_369.png,4
spectrograms/lucas_370.png,4
spectrograms/lucas_371.png,4
spectrograms/lucas_372.png,4
spectrograms/lucas_373.png,4
spectrograms/lucas_374.png,4
spectrograms/lucas_375.png,4
spectrograms/lucas_376.png,4
spectrograms/lucas_377.png,4
spectrograms/lucas_378.png,4
spectrograms/lucas_379.png,4
spectrograms/lucas_380.png,4
spectrograms/lucas_381.png,4
spectrograms/lucas_382.png,4
spectrograms/lucas_383.png,4
spectrograms/lucas_384.png,4
spectrograms/lucas_385.png,4
spectrograms/lucas_386.png,4
spectrograms/lucas_387.png,4
spectrograms/lucas_388.png,4
spectrograms/lucas_389.png,4
spectrograms/lucas_390.png,4
spectrograms/lucas_391.png,4
spectrograms/lucas_392.png,4
spectrograms/lucas_393.png,4
spectrograms/lucas_394.png,4
spectrograms/lucas_395.png,4
spectrograms/lucas_396.png,4
spectrograms/lucas_397.png,4
spectrograms/lucas_398.png,4
spectrograms/lucas_399.png,4
spectrograms/lucas_400.png,4
spectrograms/lucas_401.png,4
spectrograms/lucas_402.png,4
spectrograms/lucas_403.png,4
spectrograms/lucas_404.png,4
spectrograms/lucas_405.png,1
spectrograms/lucas_406.png,1
spectrograms/lucas_407.png,1
spectrograms/lucas_408.png,1
spectrograms/lucas_409.png,1
spectrograms/lucas_410.png,1
spectrograms/lucas_411.png,1
spectrograms/lucas_412.png,1
spectrograms/lucas_413.png,1
spectrograms/lucas_414.png,1
spectrograms/lucas_415.png,1
spectrograms/lucas_416.png,1
spectrograms/lucas_417.png,1
spectrograms/lucas_418.png,1
spectrograms/lucas_419.png,1
spectrograms/lucas_420.png,1
spectrograms/lucas_421.png,1
spectrograms/lucas_422.png,1
spectrograms/lucas_423.png,1
spectrograms/lucas_424.png,1
spectrograms/lucas_425.png,1
spectrograms/lucas_426.png,1
spectrograms/lucas_427.png,1
spectrograms/lucas_428.png,1
spectrograms/lucas_429.png,1
spectrograms/lucas_430.png,1
spectrograms/lucas_431.png,1
spectrograms/lucas_432.png,1
spectrograms/lucas_433.png,1
spectrograms/lucas_434.png,1
spectrograms/lucas_435.png,1
spectrograms/lucas_436.png,1
spectrograms/lucas_437.png,1
spectrograms/lucas_438.png,1
spectrograms/lucas_439.png,1
spectrograms/lucas_440.png,1
spectrograms/lucas_441.png,1
spectrograms/lucas_442.png,1
spectrograms/lucas_443.png,1
spectrograms/lucas_444.png,1
spectrograms/lucas_445.png,1
spectrograms/lucas_446.png,1
spectrograms/lucas_447.png,1
spectrograms/lucas_448.png,1
spectrograms/lucas_449.png,1
